{"stats":{"minecraft:killed_by":{"grimoireofgaia:flesh_lich":1,"minecraft:warden":1},"minecraft:broken":{"minecraft:stone_hoe":2,"minecraft:stone_axe":1,"toughasnails:purified_water_canteen":1,"minecraft:wooden_hoe":1},"minecraft:crafted":{"minecraft:oak_planks":8,"minecraft:furnace":1,"minecraft:stone_pickaxe":2,"minecraft:stone_hoe":3,"tetra:modular_double":1,"minecraft:cooked_beef":8,"minecraft:crafting_table":3,"minecraft:wooden_pickaxe":1,"minecraft:birch_planks":24,"minecraft:stone_axe":2,"minecraft:air":0,"minecraft:wooden_hoe":1,"minecraft:stick":28,"minecraft:iron_pickaxe":1,"minecraft:iron_ingot":6,"minecraft:wooden_axe":1,"toughasnails:empty_canteen":1},"minecraft:picked_up":{"minecraft:iron_chestplate":2,"minecraft:crafting_table":1,"minecraft:turtle_helmet":1,"minecraft:lead":2,"minecraft:enchanted_book":1,"minecraft:string":4,"minecraft:raw_copper":4,"minecraft:cracked_stone_bricks":1,"mysticalagriculture:inferium_essence":45,"minecraft:cobbled_deepslate":18,"simplyswords:iron_longsword":1,"minecraft:beef":10,"minecraft:iron_pickaxe":1,"minecraft:chest":2,"minecraft:stick":3,"minecraft:raw_iron":14,"apotheosis:gem":1,"minecraft:oak_fence":2,"minecraft:acacia_log":11,"tombstone:grave_dust":2,"hexerei:sage_seed":1,"eidolon:tattered_cloth":1,"minecraft:rotten_flesh":21,"minecraft:arrow":2,"gamma_beasts:coal_nugget":5,"forbidden_arcanus:spawner_scrap":1,"minecraft:cobblestone":54,"minecraft:birch_log":6,"minecraft:mud_bricks":1,"minecraft:andesite":1,"minecraft:leather":4,"minecraft:birch_planks":64,"duneons:snowcobblestone":1,"paraglider:spirit_orb":4,"minecraft:oak_log":2,"minecraft:chainmail_chestplate":2,"minecraft:gunpowder":1,"scalinghealth:heart_crystal":4,"biomeswevegone:lollipop_flower":1,"minecraft:dirt":2,"tombstone:gift":1,"minecraft:bone":3,"minecraft:apple":6,"minecraft:wheat_seeds":3,"solarcraft:empty_crystal":6,"minecraft:oak_planks":4,"hexerei:animal_fat":4,"minecraft:oak_slab":3,"scalinghealth:heart_crystal_shard":7,"toughasnails:purified_water_canteen":1,"minecraft:sweet_berries":16,"minecraft:dandelion":1,"hexerei:witch_hazel_altar":1,"minecraft:bundle":1,"tombstone:magic_scroll":1,"minecraft:coal":20},"minecraft:killed":{"minecraft:skeleton":3,"eidolon:wraith":1,"mokels_rpg_two:tiny_dragon":1,"minecraft:zombie":18,"minecraft:stray":1,"minecraft:cow":5},"minecraft:dropped":{"minecraft:enchanted_book":1,"minecraft:birch_planks":46,"minecraft:wheat_seeds":1,"eidolon:tattered_cloth":1,"minecraft:coal":9,"forbidden_arcanus:spawner_scrap":1,"tombstone:grave_dust":2,"toughasnails:purified_water_canteen":1,"minecraft:iron_pickaxe":1,"minecraft:paper":9,"minecraft:bone":2,"hexerei:animal_fat":4,"minecraft:cobbled_deepslate":4,"alexscaves:cave_tablet":2,"minecraft:rotten_flesh":3,"evilcraft:flesh_humanoid":1,"alexscaves:cave_book":1,"tetra:modular_double":1,"solarcraft:solar_lexicon":2,"biomeswevegone:lollipop_flower":1},"minecraft:mined":{"minecraft:mossy_cobblestone":2,"minecraft:sculk_vein":20,"solarcraft:crystal":2,"minecraft:acacia_log":11,"minecraft:grass_block":1,"minecraft:mud_bricks":1,"mysticalagriculture:inferium_ore":14,"minecraft:spawner":1,"minecraft:sculk_catalyst":2,"biomeswevegone:yellow_daffodil":1,"minecraft:iron_ore":4,"minecraft:andesite":1,"minecraft:sculk_shrieker":1,"minecraft:deepslate_iron_ore":12,"minecraft:vine":1,"minecraft:stone":52,"hexerei:witch_hazel_altar":1,"minecraft:oak_slab":3,"minecraft:dandelion":1,"minecraft:oak_fence":2,"minecraft:crafting_table":1,"minecraft:chest":2,"minecraft:sculk_sensor":15,"minecraft:cobblestone":2,"minecraft:oak_planks":4,"minecraft:sculk":317,"minecraft:sweet_berry_bush":6,"biomeswevegone:lollipop_flower":1,"minecraft:grass":41,"minecraft:oak_log":2,"minecraft:coal_ore":21,"minecraft:dirt":1,"minecraft:cobweb":2,"solarcraft:magistone":2,"minecraft:cracked_stone_bricks":1,"minecraft:deepslate":12},"minecraft:custom":{"minecraft:mob_kills":38,"minecraft:interact_with_crafting_table":22,"minecraft:open_barrel":2,"minecraft:damage_dealt_resisted":0,"minecraft:leave_game":8,"minecraft:time_since_death":11429,"minecraft:climb_one_cm":26875,"minecraft:damage_resisted":0,"minecraft:sprint_one_cm":280337,"minecraft:walk_one_cm":414818,"minecraft:drop":27,"minecraft:talked_to_villager":3,"minecraft:play_time":154416,"minecraft:deaths":2,"minecraft:sneak_time":12003,"minecraft:walk_under_water_one_cm":8772,"minecraft:jump":1669,"minecraft:walk_on_water_one_cm":8602,"minecraft:total_world_time":154416,"minecraft:interact_with_furnace":6,"minecraft:interact_with_loom":14,"minecraft:time_since_rest":9030,"minecraft:damage_taken":3614,"minecraft:damage_dealt":7833,"minecraft:swim_one_cm":16042,"minecraft:fly_one_cm":199997,"minecraft:player_kills":1,"minecraft:open_chest":80,"minecraft:crouch_one_cm":33339,"tombstone:undead_killed":23,"minecraft:fall_one_cm":38238},"minecraft:used":{"minecraft:oak_fence":1,"minecraft:chest":2,"minecraft:stone_hoe":314,"minecraft:dirt":2,"scalinghealth:heart_crystal":2,"toughasnails:empty_canteen":1,"minecraft:wooden_axe":8,"simplyswords:iron_longsword":48,"tombstone:gift":4,"minecraft:cooked_beef":4,"minecraft:cobbled_deepslate":3,"minecraft:birch_planks":18,"minecraft:stone_pickaxe":125,"minecraft:wooden_pickaxe":18,"minecraft:cracked_stone_bricks":1,"minecraft:crafting_table":4,"alexscaves:cave_book":3,"duneons:snowcobblestone":1,"tetra:modular_double":13,"minecraft:wooden_hoe":59,"minecraft:apple":5,"delightful:cantaloupe_slice":4,"minecraft:stone_axe":137,"minecraft:cobblestone":21,"toughasnails:purified_water_canteen":12,"minecraft:dandelion":1}},"DataVersion":3465}