{"stats":{"minecraft:mined":{"hexerei:witch_hazel_altar":1,"minecraft:oak_slab":3,"minecraft:sweet_berry_bush":6,"solarcraft:crystal":2,"minecraft:dandelion":1,"minecraft:oak_fence":2,"minecraft:crafting_table":1,"minecraft:grass":3,"minecraft:grass_block":1,"minecraft:coal_ore":21,"minecraft:dirt":1,"minecraft:cobblestone":2,"minecraft:stone":29,"minecraft:mud_bricks":1},"minecraft:dropped":{"minecraft:wheat_seeds":1,"toughasnails:purified_water_canteen":1,"minecraft:coal":9},"minecraft:custom":{"minecraft:time_since_rest":47945,"minecraft:sprint_one_cm":104920,"minecraft:damage_taken":720,"minecraft:walk_one_cm":112722,"minecraft:mob_kills":2,"minecraft:drop":3,"minecraft:damage_dealt":574,"minecraft:open_barrel":1,"minecraft:swim_one_cm":4681,"minecraft:interact_with_crafting_table":4,"minecraft:talked_to_villager":2,"minecraft:fly_one_cm":79334,"minecraft:open_chest":12,"minecraft:crouch_one_cm":7422,"minecraft:play_time":47945,"minecraft:sneak_time":2642,"minecraft:walk_under_water_one_cm":5147,"minecraft:jump":596,"minecraft:leave_game":4,"minecraft:time_since_death":47945,"minecraft:walk_on_water_one_cm":2883,"minecraft:total_world_time":47945,"minecraft:climb_one_cm":8422,"minecraft:fall_one_cm":14427},"minecraft:used":{"minecraft:oak_fence":1,"minecraft:wooden_axe":8,"minecraft:apple":4,"minecraft:stone_pickaxe":38,"minecraft:wooden_pickaxe":18,"simplyswords:iron_longsword":12,"minecraft:stone_axe":6,"minecraft:dirt":2,"minecraft:cobblestone":4,"minecraft:crafting_table":2,"toughasnails:purified_water_canteen":3,"minecraft:dandelion":1},"minecraft:picked_up":{"minecraft:birch_log":6,"minecraft:oak_slab":3,"minecraft:crafting_table":1,"minecraft:mud_bricks":1,"minecraft:sweet_berries":16,"minecraft:oak_fence":2,"minecraft:leather":2,"minecraft:lead":2,"minecraft:dandelion":1,"duneons:snowcobblestone":1,"minecraft:birch_planks":64,"minecraft:dirt":2,"hexerei:witch_hazel_altar":1,"minecraft:raw_copper":4,"hexerei:sage_seed":1,"minecraft:apple":2,"minecraft:wheat_seeds":1,"simplyswords:iron_longsword":1,"gamma_beasts:coal_nugget":5,"solarcraft:empty_crystal":6,"minecraft:coal":20,"minecraft:cobblestone":31},"minecraft:crafted":{"minecraft:crafting_table":1,"minecraft:stick":8,"minecraft:wooden_pickaxe":1,"minecraft:stone_pickaxe":1,"minecraft:wooden_axe":1,"minecraft:furnace":1,"minecraft:birch_planks":24,"minecraft:stone_axe":1}},"DataVersion":3465}