{"stats":{"minecraft:crafted":{"minecraft:birch_planks":24,"minecraft:crafting_table":1,"minecraft:stick":4,"minecraft:wooden_pickaxe":1,"minecraft:wooden_axe":1},"minecraft:used":{"minecraft:wooden_axe":8,"minecraft:dirt":2,"minecraft:crafting_table":1,"minecraft:wooden_pickaxe":17,"minecraft:dandelion":1},"minecraft:picked_up":{"minecraft:birch_log":6,"minecraft:crafting_table":1,"minecraft:sweet_berries":16,"minecraft:dandelion":1,"minecraft:birch_planks":64,"minecraft:dirt":2,"minecraft:cobblestone":15},"minecraft:mined":{"minecraft:grass_block":1,"minecraft:dirt":1,"minecraft:sweet_berry_bush":6,"minecraft:stone":17,"minecraft:dandelion":1,"minecraft:crafting_table":1},"minecraft:custom":{"minecraft:open_chest":1,"minecraft:time_since_rest":12053,"minecraft:crouch_one_cm":1715,"minecraft:play_time":12053,"minecraft:sprint_one_cm":23361,"minecraft:damage_taken":150,"minecraft:walk_one_cm":18171,"minecraft:sneak_time":755,"minecraft:walk_under_water_one_cm":1910,"minecraft:jump":105,"minecraft:walk_on_water_one_cm":589,"minecraft:time_since_death":12053,"minecraft:total_world_time":12053,"minecraft:swim_one_cm":4681,"minecraft:fall_one_cm":2656,"minecraft:interact_with_crafting_table":2,"minecraft:fly_one_cm":15483}},"DataVersion":3465}