{"stats":{"minecraft:used":{"minecraft:wooden_axe":8,"minecraft:apple":4,"minecraft:stone_pickaxe":19,"minecraft:wooden_pickaxe":18,"simplyswords:iron_longsword":9,"minecraft:stone_axe":1,"minecraft:dirt":2,"minecraft:cobblestone":1,"minecraft:crafting_table":2,"minecraft:dandelion":1},"minecraft:picked_up":{"minecraft:birch_log":6,"minecraft:crafting_table":1,"minecraft:mud_bricks":1,"minecraft:sweet_berries":16,"minecraft:leather":2,"minecraft:lead":2,"minecraft:dandelion":1,"minecraft:birch_planks":64,"minecraft:dirt":2,"hexerei:witch_hazel_altar":1,"hexerei:sage_seed":1,"minecraft:apple":2,"minecraft:wheat_seeds":1,"simplyswords:iron_longsword":1,"gamma_beasts:coal_nugget":5,"minecraft:coal":17,"minecraft:cobblestone":16},"minecraft:dropped":{"minecraft:wheat_seeds":1,"minecraft:coal":9},"minecraft:mined":{"hexerei:witch_hazel_altar":1,"minecraft:sweet_berry_bush":6,"minecraft:dandelion":1,"minecraft:crafting_table":1,"minecraft:grass":3,"minecraft:grass_block":1,"minecraft:coal_ore":17,"minecraft:dirt":1,"minecraft:stone":18,"minecraft:mud_bricks":1},"minecraft:crafted":{"minecraft:crafting_table":1,"minecraft:stick":8,"minecraft:wooden_pickaxe":1,"minecraft:stone_pickaxe":1,"minecraft:wooden_axe":1,"minecraft:furnace":1,"minecraft:birch_planks":24,"minecraft:stone_axe":1},"minecraft:custom":{"minecraft:time_since_rest":41354,"minecraft:sprint_one_cm":96529,"minecraft:damage_taken":630,"minecraft:walk_one_cm":90589,"minecraft:mob_kills":2,"minecraft:drop":2,"minecraft:damage_dealt":354,"minecraft:swim_one_cm":4681,"minecraft:interact_with_crafting_table":4,"minecraft:talked_to_villager":1,"minecraft:fly_one_cm":73148,"minecraft:open_chest":12,"minecraft:crouch_one_cm":4552,"minecraft:play_time":41354,"minecraft:sneak_time":1884,"minecraft:walk_under_water_one_cm":5147,"minecraft:jump":529,"minecraft:leave_game":4,"minecraft:time_since_death":41354,"minecraft:walk_on_water_one_cm":1822,"minecraft:total_world_time":41354,"minecraft:climb_one_cm":8190,"minecraft:fall_one_cm":12902}},"DataVersion":3465}