{"stats":{"minecraft:used":{"minecraft:wooden_axe":8,"minecraft:stone_pickaxe":18,"minecraft:wooden_pickaxe":18,"minecraft:dirt":2,"minecraft:cobblestone":1,"minecraft:crafting_table":2,"minecraft:dandelion":1},"minecraft:picked_up":{"minecraft:birch_log":6,"minecraft:crafting_table":1,"minecraft:sweet_berries":16,"minecraft:dandelion":1,"minecraft:birch_planks":64,"minecraft:dirt":2,"minecraft:wheat_seeds":1,"gamma_beasts:coal_nugget":5,"minecraft:coal":17,"minecraft:cobblestone":16},"minecraft:dropped":{"minecraft:wheat_seeds":1,"minecraft:coal":9},"minecraft:mined":{"minecraft:sweet_berry_bush":6,"minecraft:dandelion":1,"minecraft:crafting_table":1,"minecraft:grass":2,"minecraft:grass_block":1,"minecraft:coal_ore":17,"minecraft:dirt":1,"minecraft:stone":18},"minecraft:crafted":{"minecraft:crafting_table":1,"minecraft:stick":8,"minecraft:wooden_pickaxe":1,"minecraft:stone_pickaxe":1,"minecraft:wooden_axe":1,"minecraft:furnace":1,"minecraft:birch_planks":24,"minecraft:stone_axe":1},"minecraft:custom":{"minecraft:time_since_rest":23337,"minecraft:sprint_one_cm":33224,"minecraft:damage_taken":180,"minecraft:walk_one_cm":28948,"minecraft:drop":2,"minecraft:swim_one_cm":4681,"minecraft:interact_with_crafting_table":4,"minecraft:fly_one_cm":20403,"minecraft:open_chest":1,"minecraft:crouch_one_cm":3123,"minecraft:play_time":23337,"minecraft:sneak_time":1337,"minecraft:walk_under_water_one_cm":1910,"minecraft:jump":212,"minecraft:leave_game":2,"minecraft:walk_on_water_one_cm":589,"minecraft:time_since_death":23337,"minecraft:total_world_time":23337,"minecraft:fall_one_cm":4947}},"DataVersion":3465}