{"stats":{"minecraft:mined":{"hexerei:witch_hazel_altar":1,"minecraft:oak_slab":3,"minecraft:mossy_cobblestone":2,"solarcraft:crystal":2,"minecraft:dandelion":1,"minecraft:oak_fence":2,"minecraft:crafting_table":1,"minecraft:grass_block":1,"minecraft:cobblestone":2,"minecraft:mud_bricks":1,"mysticalagriculture:inferium_ore":14,"minecraft:iron_ore":1,"minecraft:sweet_berry_bush":6,"minecraft:andesite":1,"minecraft:grass":3,"minecraft:coal_ore":21,"minecraft:deepslate_iron_ore":2,"minecraft:dirt":1,"minecraft:stone":31},"minecraft:dropped":{"hexerei:animal_fat":2,"minecraft:wheat_seeds":1,"alexscaves:cave_tablet":2,"minecraft:coal":9,"alexscaves:cave_book":1,"toughasnails:purified_water_canteen":1,"minecraft:paper":1},"minecraft:killed":{"minecraft:zombie":13,"minecraft:cow":4},"minecraft:custom":{"minecraft:interact_with_furnace":4,"minecraft:mob_kills":19,"minecraft:interact_with_crafting_table":13,"minecraft:open_barrel":2,"minecraft:interact_with_loom":14,"minecraft:damage_dealt_resisted":0,"minecraft:leave_game":5,"minecraft:time_since_death":86457,"minecraft:damage_resisted":0,"minecraft:climb_one_cm":16296,"minecraft:time_since_rest":86457,"minecraft:sprint_one_cm":159576,"minecraft:damage_taken":1291,"minecraft:walk_one_cm":204255,"minecraft:drop":8,"minecraft:damage_dealt":4349,"minecraft:swim_one_cm":4681,"minecraft:talked_to_villager":3,"minecraft:fly_one_cm":100759,"minecraft:open_chest":41,"minecraft:crouch_one_cm":11232,"minecraft:play_time":86457,"tombstone:undead_killed":13,"minecraft:sneak_time":5047,"minecraft:walk_under_water_one_cm":5147,"minecraft:jump":839,"minecraft:walk_on_water_one_cm":5610,"minecraft:total_world_time":86457,"minecraft:fall_one_cm":17848},"minecraft:used":{"minecraft:oak_fence":1,"minecraft:birch_planks":6,"minecraft:stone_pickaxe":60,"minecraft:wooden_pickaxe":18,"minecraft:dirt":2,"scalinghealth:heart_crystal":2,"minecraft:crafting_table":3,"alexscaves:cave_book":3,"duneons:snowcobblestone":1,"tetra:modular_double":13,"minecraft:wooden_axe":8,"minecraft:apple":5,"simplyswords:iron_longsword":17,"delightful:cantaloupe_slice":4,"minecraft:stone_axe":57,"minecraft:cobblestone":4,"toughasnails:purified_water_canteen":7,"tombstone:gift":2,"minecraft:dandelion":1},"minecraft:picked_up":{"minecraft:birch_log":6,"minecraft:crafting_table":1,"minecraft:mud_bricks":1,"minecraft:turtle_helmet":1,"minecraft:andesite":1,"minecraft:leather":4,"minecraft:lead":2,"minecraft:birch_planks":64,"duneons:snowcobblestone":1,"scalinghealth:heart_crystal":2,"minecraft:dirt":2,"minecraft:raw_copper":4,"minecraft:apple":2,"minecraft:wheat_seeds":1,"mysticalagriculture:inferium_essence":45,"simplyswords:iron_longsword":1,"minecraft:beef":7,"minecraft:iron_pickaxe":1,"solarcraft:empty_crystal":6,"hexerei:animal_fat":4,"minecraft:oak_slab":3,"toughasnails:purified_water_canteen":1,"minecraft:raw_iron":3,"scalinghealth:heart_crystal_shard":7,"minecraft:sweet_berries":16,"minecraft:oak_fence":2,"minecraft:dandelion":1,"tombstone:grave_dust":2,"hexerei:witch_hazel_altar":1,"minecraft:bundle":1,"hexerei:sage_seed":1,"minecraft:rotten_flesh":16,"gamma_beasts:coal_nugget":5,"minecraft:coal":20,"minecraft:cobblestone":33},"minecraft:crafted":{"minecraft:crafting_table":2,"minecraft:wooden_pickaxe":1,"minecraft:furnace":1,"minecraft:birch_planks":24,"minecraft:stone_axe":1,"minecraft:air":0,"minecraft:stick":16,"minecraft:iron_ingot":3,"minecraft:iron_pickaxe":1,"minecraft:stone_pickaxe":1,"minecraft:wooden_axe":1,"tetra:modular_double":1}},"DataVersion":3465}