{"stats":{"minecraft:dropped":{"minecraft:enchanted_book":1,"hexerei:animal_fat":4,"minecraft:birch_planks":46,"minecraft:wheat_seeds":1,"minecraft:cobbled_deepslate":4,"alexscaves:cave_tablet":2,"eidolon:tattered_cloth":1,"evilcraft:flesh_humanoid":1,"minecraft:coal":9,"alexscaves:cave_book":1,"forbidden_arcanus:spawner_scrap":1,"toughasnails:purified_water_canteen":1,"minecraft:paper":1,"minecraft:bone":2},"minecraft:crafted":{"minecraft:cooked_beef":8,"minecraft:crafting_table":2,"minecraft:wooden_pickaxe":1,"minecraft:furnace":1,"minecraft:birch_planks":24,"minecraft:stone_axe":2,"minecraft:air":0,"minecraft:stick":16,"minecraft:iron_ingot":6,"minecraft:iron_pickaxe":1,"minecraft:stone_pickaxe":2,"minecraft:wooden_axe":1,"tetra:modular_double":1,"toughasnails:empty_canteen":1},"minecraft:used":{"minecraft:oak_fence":1,"minecraft:birch_planks":18,"minecraft:stone_pickaxe":102,"minecraft:chest":2,"minecraft:wooden_pickaxe":18,"minecraft:cracked_stone_bricks":1,"minecraft:dirt":2,"scalinghealth:heart_crystal":2,"minecraft:crafting_table":3,"toughasnails:empty_canteen":1,"alexscaves:cave_book":3,"duneons:snowcobblestone":1,"tetra:modular_double":13,"minecraft:wooden_axe":8,"minecraft:apple":5,"simplyswords:iron_longsword":46,"delightful:cantaloupe_slice":4,"minecraft:stone_axe":83,"minecraft:cobblestone":21,"toughasnails:purified_water_canteen":12,"tombstone:gift":4,"minecraft:cooked_beef":4,"minecraft:cobbled_deepslate":3,"minecraft:dandelion":1},"minecraft:custom":{"minecraft:interact_with_furnace":6,"minecraft:mob_kills":32,"minecraft:interact_with_crafting_table":18,"minecraft:open_barrel":2,"minecraft:interact_with_loom":14,"minecraft:damage_dealt_resisted":0,"minecraft:leave_game":5,"minecraft:time_since_death":11038,"minecraft:climb_one_cm":25183,"minecraft:damage_resisted":0,"minecraft:time_since_rest":10586,"minecraft:sprint_one_cm":245833,"minecraft:damage_taken":2969,"minecraft:walk_one_cm":336406,"minecraft:drop":19,"minecraft:damage_dealt":6510,"minecraft:swim_one_cm":16042,"minecraft:talked_to_villager":3,"minecraft:player_kills":1,"minecraft:fly_one_cm":164808,"minecraft:open_chest":61,"minecraft:crouch_one_cm":24095,"minecraft:deaths":1,"minecraft:play_time":126002,"tombstone:undead_killed":18,"minecraft:sneak_time":9009,"minecraft:walk_under_water_one_cm":8772,"minecraft:jump":1417,"minecraft:walk_on_water_one_cm":8602,"minecraft:total_world_time":126002,"minecraft:fall_one_cm":34799},"minecraft:mined":{"hexerei:witch_hazel_altar":1,"minecraft:oak_slab":3,"minecraft:mossy_cobblestone":2,"solarcraft:crystal":2,"minecraft:dandelion":1,"minecraft:oak_fence":2,"minecraft:crafting_table":1,"minecraft:grass_block":1,"minecraft:chest":2,"minecraft:cobblestone":2,"minecraft:mud_bricks":1,"mysticalagriculture:inferium_ore":14,"minecraft:spawner":1,"minecraft:iron_ore":4,"minecraft:sweet_berry_bush":6,"minecraft:andesite":1,"minecraft:grass":3,"minecraft:coal_ore":21,"minecraft:vine":1,"minecraft:deepslate_iron_ore":12,"minecraft:dirt":1,"minecraft:cobweb":1,"minecraft:cracked_stone_bricks":1,"minecraft:stone":52,"minecraft:deepslate":5},"minecraft:broken":{"minecraft:stone_axe":1,"toughasnails:purified_water_canteen":1},"minecraft:killed_by":{"grimoireofgaia:flesh_lich":1},"minecraft:killed":{"minecraft:skeleton":2,"eidolon:wraith":1,"minecraft:zombie":14,"mokels_rpg_two:tiny_dragon":1,"minecraft:stray":1,"minecraft:cow":4},"minecraft:picked_up":{"minecraft:birch_log":6,"minecraft:crafting_table":1,"minecraft:mud_bricks":1,"minecraft:andesite":1,"minecraft:turtle_helmet":1,"minecraft:leather":4,"minecraft:lead":2,"minecraft:birch_planks":64,"duneons:snowcobblestone":1,"minecraft:enchanted_book":1,"paraglider:spirit_orb":4,"minecraft:chainmail_chestplate":2,"minecraft:gunpowder":1,"scalinghealth:heart_crystal":2,"minecraft:string":3,"minecraft:dirt":2,"tombstone:gift":1,"minecraft:raw_copper":4,"minecraft:bone":3,"minecraft:apple":6,"minecraft:cracked_stone_bricks":1,"minecraft:wheat_seeds":1,"mysticalagriculture:inferium_essence":45,"minecraft:cobbled_deepslate":9,"simplyswords:iron_longsword":1,"minecraft:beef":7,"minecraft:iron_pickaxe":1,"solarcraft:empty_crystal":6,"minecraft:chest":2,"hexerei:animal_fat":4,"minecraft:oak_slab":3,"scalinghealth:heart_crystal_shard":7,"minecraft:raw_iron":14,"toughasnails:purified_water_canteen":1,"minecraft:sweet_berries":16,"minecraft:oak_fence":2,"minecraft:dandelion":1,"tombstone:grave_dust":2,"hexerei:witch_hazel_altar":1,"eidolon:tattered_cloth":1,"minecraft:bundle":1,"hexerei:sage_seed":1,"minecraft:rotten_flesh":18,"gamma_beasts:coal_nugget":5,"tombstone:magic_scroll":1,"forbidden_arcanus:spawner_scrap":1,"minecraft:coal":20,"minecraft:cobblestone":54}},"DataVersion":3465}