{"stats":{"minecraft:mined":{"hexerei:witch_hazel_altar":1,"minecraft:oak_slab":3,"minecraft:mossy_cobblestone":2,"solarcraft:crystal":2,"minecraft:dandelion":1,"minecraft:oak_fence":2,"minecraft:crafting_table":1,"minecraft:grass_block":1,"minecraft:cobblestone":2,"minecraft:mud_bricks":1,"mysticalagriculture:inferium_ore":14,"minecraft:iron_ore":1,"minecraft:sweet_berry_bush":6,"minecraft:andesite":1,"minecraft:grass":3,"minecraft:coal_ore":21,"minecraft:deepslate_iron_ore":2,"minecraft:dirt":1,"minecraft:stone":31},"minecraft:dropped":{"minecraft:wheat_seeds":1,"minecraft:coal":9,"toughasnails:purified_water_canteen":1},"minecraft:killed":{"minecraft:zombie":8},"minecraft:custom":{"minecraft:interact_with_furnace":3,"minecraft:mob_kills":10,"minecraft:interact_with_crafting_table":5,"minecraft:open_barrel":2,"minecraft:leave_game":4,"minecraft:time_since_death":59945,"minecraft:damage_resisted":0,"minecraft:climb_one_cm":11313,"minecraft:time_since_rest":59945,"minecraft:sprint_one_cm":132615,"minecraft:damage_taken":917,"minecraft:walk_one_cm":139868,"minecraft:drop":3,"minecraft:damage_dealt":2797,"minecraft:swim_one_cm":4681,"minecraft:talked_to_villager":2,"minecraft:fly_one_cm":94214,"minecraft:open_chest":17,"minecraft:crouch_one_cm":10766,"minecraft:play_time":59945,"tombstone:undead_killed":8,"minecraft:sneak_time":4742,"minecraft:walk_under_water_one_cm":5147,"minecraft:jump":751,"minecraft:walk_on_water_one_cm":5610,"minecraft:total_world_time":59945,"minecraft:fall_one_cm":16916},"minecraft:used":{"minecraft:oak_fence":1,"minecraft:birch_planks":6,"minecraft:stone_pickaxe":60,"minecraft:wooden_pickaxe":18,"minecraft:dirt":2,"scalinghealth:heart_crystal":1,"minecraft:crafting_table":2,"duneons:snowcobblestone":1,"minecraft:wooden_axe":8,"minecraft:apple":5,"simplyswords:iron_longsword":17,"minecraft:stone_axe":40,"minecraft:cobblestone":4,"toughasnails:purified_water_canteen":3,"minecraft:dandelion":1},"minecraft:picked_up":{"minecraft:birch_log":6,"minecraft:crafting_table":1,"minecraft:mud_bricks":1,"minecraft:turtle_helmet":1,"minecraft:andesite":1,"minecraft:leather":2,"minecraft:lead":2,"minecraft:birch_planks":64,"duneons:snowcobblestone":1,"scalinghealth:heart_crystal":1,"minecraft:dirt":2,"minecraft:raw_copper":4,"minecraft:apple":2,"minecraft:wheat_seeds":1,"mysticalagriculture:inferium_essence":42,"simplyswords:iron_longsword":1,"solarcraft:empty_crystal":6,"minecraft:oak_slab":3,"minecraft:raw_iron":3,"minecraft:sweet_berries":16,"minecraft:oak_fence":2,"minecraft:dandelion":1,"tombstone:grave_dust":2,"hexerei:witch_hazel_altar":1,"hexerei:sage_seed":1,"minecraft:rotten_flesh":10,"gamma_beasts:coal_nugget":5,"minecraft:coal":20,"minecraft:cobblestone":33},"minecraft:crafted":{"minecraft:crafting_table":1,"minecraft:wooden_pickaxe":1,"minecraft:furnace":1,"minecraft:birch_planks":24,"minecraft:stone_axe":1,"minecraft:air":0,"minecraft:stick":8,"minecraft:iron_ingot":1,"minecraft:stone_pickaxe":1,"minecraft:wooden_axe":1}},"DataVersion":3465}