{"stats":{"minecraft:crafted":{"minecraft:birch_planks":12,"minecraft:crafting_table":1,"minecraft:stick":4,"minecraft:wooden_axe":1},"minecraft:mined":{"minecraft:birch_log":4,"minecraft:crafting_table":1},"minecraft:picked_up":{"minecraft:crafting_table":1,"minecraft:birch_log":5},"minecraft:custom":{"minecraft:jump":16,"minecraft:time_since_rest":5202,"minecraft:leave_game":2,"minecraft:play_time":5202,"minecraft:time_since_death":5202,"minecraft:walk_one_cm":6391,"minecraft:total_world_time":5202,"minecraft:interact_with_crafting_table":1,"minecraft:fall_one_cm":209,"minecraft:fly_one_cm":26},"minecraft:used":{"minecraft:wooden_axe":3,"minecraft:crafting_table":1}},"DataVersion":3465}