{"stats":{"minecraft:used":{"alexsmobs:animal_dictionary":1},"minecraft:mined":{"minecraft:oak_log":7,"biomeswevegone:flower_patch":4,"biomeswevegone:yellow_daffodil":5,"biomeswevegone:apple_fruit":3,"biomeswevegone:lollipop_flower":1},"minecraft:custom":{"minecraft:open_chest":14,"minecraft:time_since_rest":13732,"minecraft:play_time":13732,"minecraft:interact_with_loom":1,"minecraft:damage_taken":20,"minecraft:walk_one_cm":44157,"minecraft:jump":29,"minecraft:damage_dealt":5,"minecraft:time_since_death":13732,"minecraft:total_world_time":13732,"minecraft:climb_one_cm":5148,"minecraft:interact_with_crafting_table":1,"minecraft:fall_one_cm":404,"minecraft:fly_one_cm":28},"minecraft:picked_up":{"minecraft:stick":2,"biomeswevegone:flower_patch":4,"biomeswevegone:yellow_daffodil":5,"minecraft:apple":3,"iceandfire:armor_copper_metal_leggings":1,"alexsmobs:acacia_blossom":1,"iceandfire:armor_copper_metal_chestplate":1,"minecraft:acacia_log":9,"solarcraft:ancient_fragment":3,"minecraft:oak_log":7,"iceandfire:armor_copper_metal_boots":1,"iceandfire:armor_copper_metal_helmet":1,"biomeswevegone:lollipop_flower":1,"minecraft:acacia_sapling":3}},"DataVersion":3465}