{"stats":{"minecraft:crafted":{"minecraft:oak_planks":116,"minecraft:iron_pickaxe":1,"minecraft:chest":1,"iceandfire:copper_pickaxe":1,"minecraft:acacia_planks":36},"minecraft:dropped":{"minecraft:iron_sword":1,"minecraft:wheat_seeds":1,"minecraft:iron_pickaxe":1},"minecraft:used":{"epicpaladins:arclight_pickaxe":56,"minecraft:apple":1,"minecraft:chest":1,"iceandfire:copper_pickaxe":50,"minecraft:stone_axe":41,"minecraft:torch":5,"minecraft:cobblestone":1,"alexsmobs:animal_dictionary":1,"epicpaladins:arclight_sword":1},"minecraft:mined":{"ars_magica_classic:deepslate_vinteum_ore":4,"biomeswevegone:yellow_daffodil":5,"biomeswevegone:lollipop_flower":1,"solarcraft:crystal":1,"evilcraft:dark_ore":1,"knightsnmages:scarlet_ore":1,"minecraft:torch":1,"minecraft:grass":2,"minecraft:coal_ore":5,"minecraft:oak_log":29,"biomeswevegone:orchard_leaves":18,"biomeswevegone:flower_patch":11,"biomeswevegone:ripe_orchard_leaves":5,"biomeswevegone:clover_patch":1,"biomeswevegone:apple_fruit":13,"minecraft:deepslate_coal_ore":2,"minecraft:stone":14,"minecraft:mossy_stone_bricks":1,"minecraft:deepslate":76,"mysticalagriculture:deepslate_inferium_ore":1},"minecraft:custom":{"minecraft:time_since_rest":31732,"minecraft:sprint_one_cm":53,"minecraft:damage_taken":90,"minecraft:walk_one_cm":137824,"minecraft:drop":3,"minecraft:damage_dealt":85,"minecraft:interact_with_crafting_table":4,"minecraft:fly_one_cm":148,"minecraft:open_chest":26,"minecraft:interact_with_loom":1,"minecraft:play_time":31732,"minecraft:jump":169,"minecraft:time_since_death":31732,"minecraft:walk_on_water_one_cm":583,"minecraft:climb_one_cm":7800,"minecraft:total_world_time":31732,"minecraft:fall_one_cm":2054},"minecraft:broken":{"minecraft:stone_axe":1},"minecraft:picked_up":{"minecraft:stick":6,"biomeswevegone:flower_patch":11,"minecraft:torch":24,"iceandfire:armor_copper_metal_leggings":1,"minecraft:copper_ingot":10,"alexsmobs:acacia_blossom":1,"minecraft:acacia_log":9,"iceandfire:armor_copper_metal_chestplate":1,"solarcraft:ancient_fragment":3,"minecraft:oak_log":29,"epicpaladins:arclight_sword":1,"biomeswevegone:orchard_sapling":5,"iceandfire:armor_copper_metal_boots":1,"iceandfire:armor_copper_metal_helmet":1,"biomeswevegone:lollipop_flower":1,"biomeswevegone:clover_patch":1,"biomeswevegone:yellow_daffodil":5,"minecraft:bone":1,"epicpaladins:arclight_pickaxe":1,"minecraft:apple":17,"mysticalagriculture:inferium_essence":4,"minecraft:stone_axe":1,"knightsnmages:scarlet_gem":1,"minecraft:wheat_seeds":1,"minecraft:cobbled_deepslate":74,"evilcraft:dark_gem":5,"ars_magica_classic:deepslate_vinteum_ore":4,"gamma_beasts:coal_nugget":2,"minecraft:mossy_stone_bricks":1,"minecraft:iron_pickaxe":1,"solarcraft:empty_crystal":1,"minecraft:coal":7,"minecraft:acacia_sapling":3,"minecraft:cobblestone":14}},"DataVersion":3465}