{"stats":{"minecraft:custom":{"minecraft:time_since_rest":40797,"minecraft:sprint_one_cm":17927,"minecraft:damage_taken":10,"minecraft:walk_one_cm":125937,"minecraft:mob_kills":2,"minecraft:drop":2,"minecraft:damage_dealt":150,"minecraft:interact_with_crafting_table":9,"minecraft:fly_one_cm":1202,"minecraft:play_time":40797,"minecraft:jump":206,"minecraft:leave_game":2,"minecraft:walk_on_water_one_cm":1431,"minecraft:time_since_death":40797,"minecraft:climb_one_cm":1113,"minecraft:total_world_time":40797,"minecraft:fall_one_cm":1082},"minecraft:used":{"minecraft:stone_pickaxe":13,"biomesoplenty:orange_sand":13,"minecraft:cobblestone":5,"minecraft:crafting_table":1,"gamma_beasts:prehnite_pickaxe":46},"minecraft:killed":{"eidolon:slimy_slug":2},"minecraft:crafted":{"mysticsbiomes:peach_planks":24,"minecraft:crafting_table":1,"minecraft:stick":4,"minecraft:stone_pickaxe":1,"minecraft:torch":12,"sophisticatedbackpacks:iron_backpack":1},"minecraft:dropped":{"minecraft:oak_planks":1,"minecraft:stick":1},"minecraft:picked_up":{"regions_unexplored:hibiscus":5,"minecraft:raw_iron":5,"minecraft:crafting_table":1,"mysticsbiomes:wildflower":11,"minecraft:stick":2,"chococraft:loverly_gysahl_green":3,"sophisticatedbackpacks:backpack":1,"mysticsbiomes:peach_log":6,"chococraft:gysahl_green_seeds":8,"minecraft:redstone":46,"minecraft:lapis_lazuli":49,"minecraft:raw_copper":20,"gamma_beasts:prehnite_pickaxe":1,"eidolon:raw_lead":3,"chococraft:gysahl_green":22,"minecraft:slime_ball":2,"minecraft:wheat_seeds":1,"minecraft:raw_gold":1,"mysticsbiomes:saguaro_cactus":1,"minecraft:iron_ingot":8,"arsmagicalegacy:chimerite":3,"mysticsbiomes:peach_sapling":1,"mysticsbiomes:lush_sand":2,"delightful:green_tea_leaf":1,"iceandfire:raw_silver":2,"minecraft:oak_planks":1,"minecraft:coal":3,"biomesoplenty:orange_sand":14,"minecraft:cobblestone":22},"minecraft:mined":{"minecraft:deepslate_redstone_ore":5,"minecraft:redstone_ore":5,"arsmagicalegacy:chimerite_ore":3,"iceandfire:silver_ore":2,"mysticsbiomes:wildflower":11,"minecraft:iron_ore":6,"biomesoplenty:orange_sand":15,"regions_unexplored:hibiscus":5,"biomesoplenty:desert_grass":2,"mysticsbiomes:peach_leaves":2,"minecraft:crafting_table":1,"minecraft:grass":7,"minecraft:coal_ore":3,"chococraft:gysahl_green":6,"minecraft:grass_block":2,"mysticsbiomes:peach_log":6,"mysticsbiomes:lush_sand":2,"minecraft:copper_ore":3,"mysticsbiomes:saguaro_cactus":2,"minecraft:lapis_ore":7,"minecraft:stone":15,"minecraft:deepslate_copper_ore":2,"minecraft:gold_ore":1,"eidolon:lead_ore":3}},"DataVersion":3465}