{"stats":{"minecraft:broken":{"minecraft:stone_axe":1},"minecraft:picked_up":{"alexsmobs:acacia_blossom":1,"iceandfire:armor_copper_metal_chestplate":1,"solarcraft:ancient_fragment":3,"occultism:raw_silver":8,"minecraft:tuff":32,"minecraft:oak_log":29,"biomeswevegone:orchard_sapling":5,"iceandfire:armor_copper_metal_helmet":1,"minecraft:amethyst_block":26,"biomeswevegone:lollipop_flower":1,"minecraft:lapis_lazuli":64,"biomeswevegone:clover_patch":1,"epicsamurai:jade":7,"minecraft:bone":1,"biomeswevegone:yellow_daffodil":5,"minecraft:blackstone":333,"epicpaladins:arclight_pickaxe":1,"minecraft:apple":17,"minecraft:stone_bricks":1,"mysticalagriculture:inferium_essence":4,"minecraft:wheat_seeds":1,"knightsnmages:scarlet_gem":2,"minecraft:gold_nugget":1,"minecraft:cobbled_deepslate":201,"minecraft:raw_gold":6,"minecraft:calcite":20,"minecraft:mossy_stone_bricks":2,"minecraft:iron_pickaxe":1,"solarcraft:empty_crystal":1,"minecraft:acacia_sapling":3,"minecraft:stick":6,"toughasnails:purified_water_canteen":1,"minecraft:smooth_basalt":5,"biomeswevegone:flower_patch":11,"iceandfire:armor_copper_metal_leggings":1,"minecraft:copper_ingot":10,"minecraft:budding_amethyst":2,"minecraft:torch":27,"minecraft:acacia_log":9,"mysticalagriculture:prosperity_shard":54,"minecraft:gravel":6,"minecraft:amethyst_shard":2,"epicpaladins:arclight_sword":1,"iceandfire:armor_copper_metal_boots":1,"minecraft:redstone":19,"forbidden_arcanus:arcane_crystal":4,"eidolon:raw_lead":10,"tetra:geode":9,"minecraft:diamond":20,"minecraft:stone_axe":1,"evilcraft:dark_gem":19,"supplementaries:antique_ink":3,"ars_magica_classic:deepslate_vinteum_ore":4,"gamma_beasts:coal_nugget":2,"knightsnmages:moonlight_gem":8,"minecraft:emerald":6,"minecraft:coal":7,"minecraft:cobblestone":14},"minecraft:crafted":{"minecraft:oak_planks":116,"minecraft:iron_pickaxe":1,"minecraft:chest":1,"iceandfire:copper_pickaxe":1,"minecraft:acacia_planks":36},"minecraft:dropped":{"minecraft:iron_sword":1,"minecraft:blackstone":13,"minecraft:wheat_seeds":1,"knightsnmages:scarlet_gem":1,"minecraft:tuff":32,"mysticalagriculture:inferium_essence":4,"minecraft:mossy_stone_bricks":1,"minecraft:gold_nugget":1,"toughasnails:purified_water_canteen":1,"minecraft:iron_pickaxe":1,"minecraft:calcite":20,"minecraft:smooth_basalt":5},"minecraft:mined":{"minecraft:deepslate_redstone_ore":4,"minecraft:tuff":16,"minecraft:blackstone":568,"ars_magica_classic:deepslate_vinteum_ore":4,"minecraft:deepslate_diamond_ore":20,"tetra:block_geode":9,"solarcraft:crystal":1,"minecraft:torch":1,"minecraft:budding_amethyst":2,"regions_unexplored:volcanic_ash":1,"minecraft:calcite":13,"biomeswevegone:orchard_leaves":18,"occultism:silver_ore_deepslate":8,"biomeswevegone:clover_patch":1,"biomeswevegone:apple_fruit":13,"minecraft:deepslate_coal_ore":2,"minecraft:deepslate_gold_ore":6,"minecraft:wall_torch":2,"minecraft:amethyst_block":26,"supplementaries:urn":2,"epicsamurai:deepslate_jade_ore":7,"forbidden_arcanus:deepslate_arcane_crystal_ore":4,"forbidden_arcanus:darkstone":50,"biomeswevegone:yellow_daffodil":5,"evilcraft:dark_ore_deepslate":3,"eidolon:deep_lead_ore":10,"minecraft:cobbled_deepslate":1,"biomeswevegone:lollipop_flower":1,"evilcraft:dark_ore":1,"minecraft:deepslate_lapis_ore":10,"knightsnmages:scarlet_ore":1,"minecraft:grass":2,"minecraft:oak_log":29,"minecraft:coal_ore":5,"biomeswevegone:ripe_orchard_leaves":5,"biomeswevegone:flower_patch":11,"minecraft:gravel":6,"solarcraft:magistone":3,"mysticalagriculture:deepslate_prosperity_ore":24,"minecraft:smooth_basalt":5,"knightsnmages:deepslate_moonlight_ore":8,"minecraft:stone":14,"minecraft:mossy_stone_bricks":1,"mysticalagriculture:deepslate_inferium_ore":1,"minecraft:deepslate":257},"minecraft:custom":{"minecraft:interact_with_crafting_table":5,"minecraft:interact_with_loom":8,"minecraft:time_since_death":65039,"minecraft:climb_one_cm":8234,"minecraft:time_since_rest":65039,"minecraft:damage_taken":90,"minecraft:sprint_one_cm":628,"minecraft:walk_one_cm":222042,"minecraft:drop":15,"minecraft:damage_dealt":85,"minecraft:fly_one_cm":148,"minecraft:open_chest":33,"minecraft:play_time":65039,"minecraft:jump":222,"minecraft:walk_on_water_one_cm":910,"minecraft:total_world_time":65039,"minecraft:fall_one_cm":2265},"minecraft:used":{"minecraft:chest":1,"minecraft:torch":21,"epicpaladins:arclight_sword":1,"epicpaladins:arclight_pickaxe":1045,"minecraft:apple":1,"iceandfire:copper_pickaxe":50,"minecraft:stone_axe":41,"minecraft:cobblestone":14,"toughasnails:purified_water_canteen":1,"alexsmobs:animal_dictionary":1,"minecraft:cobbled_deepslate":73}},"DataVersion":3465}