{"stats":{"minecraft:crafted":{"minecraft:oak_planks":116,"minecraft:chest":1,"minecraft:acacia_planks":36},"minecraft:used":{"minecraft:chest":1,"minecraft:stone_axe":41,"alexsmobs:animal_dictionary":1},"minecraft:mined":{"biomeswevegone:yellow_daffodil":5,"biomeswevegone:lollipop_flower":1,"minecraft:grass":2,"minecraft:oak_log":29,"biomeswevegone:orchard_leaves":18,"biomeswevegone:flower_patch":11,"biomeswevegone:ripe_orchard_leaves":5,"biomeswevegone:clover_patch":1,"biomeswevegone:apple_fruit":13},"minecraft:custom":{"minecraft:time_since_rest":19732,"minecraft:sprint_one_cm":52,"minecraft:damage_taken":20,"minecraft:walk_one_cm":89655,"minecraft:damage_dealt":5,"minecraft:interact_with_crafting_table":2,"minecraft:fly_one_cm":81,"minecraft:open_chest":18,"minecraft:interact_with_loom":1,"minecraft:play_time":19732,"minecraft:jump":105,"minecraft:time_since_death":19732,"minecraft:walk_on_water_one_cm":583,"minecraft:climb_one_cm":5148,"minecraft:total_world_time":19732,"minecraft:fall_one_cm":404},"minecraft:broken":{"minecraft:stone_axe":1},"minecraft:picked_up":{"minecraft:stick":6,"biomeswevegone:flower_patch":11,"iceandfire:armor_copper_metal_leggings":1,"alexsmobs:acacia_blossom":1,"minecraft:acacia_log":9,"iceandfire:armor_copper_metal_chestplate":1,"solarcraft:ancient_fragment":3,"minecraft:oak_log":29,"epicpaladins:arclight_sword":1,"biomeswevegone:orchard_sapling":5,"iceandfire:armor_copper_metal_boots":1,"iceandfire:armor_copper_metal_helmet":1,"biomeswevegone:lollipop_flower":1,"biomeswevegone:clover_patch":1,"biomeswevegone:yellow_daffodil":5,"minecraft:bone":1,"minecraft:apple":17,"minecraft:stone_axe":1,"minecraft:wheat_seeds":1,"minecraft:acacia_sapling":3}},"DataVersion":3465}