{"stats":{"minecraft:killed":{"minecraft:pig":4,"eidolon:slimy_slug":2},"minecraft:dropped":{"minecraft:decorated_pot":3,"minecraft:oak_planks":1,"minecraft:stick":1},"minecraft:crafted":{"mysticsbiomes:peach_planks":24,"minecraft:crafting_table":1,"minecraft:stick":4,"minecraft:stone_pickaxe":1,"minecraft:torch":12,"sophisticatedbackpacks:iron_backpack":1},"minecraft:picked_up":{"regions_unexplored:hibiscus":5,"chococraft:loverly_gysahl_green":4,"occultism:datura_seeds":1,"mysticsbiomes:wildflower":17,"minecraft:crafting_table":1,"minecraft:red_mushroom":1,"occultism:raw_silver":26,"paraglider:spirit_orb":4,"mysticsbiomes:peach_log":6,"ancient_elements:raw_palladium":7,"minecraft:lapis_lazuli":49,"forbidden_arcanus:xpetrified_orb":2,"minecraft:mangrove_slab":1,"minecraft:dirt":6,"minecraft:raw_copper":20,"epicsamurai:jade":8,"chococraft:gysahl_green":65,"chococraft:gold_gysahl":2,"knightsnmages:scarlet_gem":4,"minecraft:wheat_seeds":8,"mysticalagriculture:inferium_essence":14,"minecraft:cobbled_deepslate":25,"minecraft:raw_gold":1,"mysticsbiomes:saguaro_cactus":1,"minecraft:iron_ingot":8,"arsmagicalegacy:desert_nova":3,"delightful:green_tea_leaf":1,"minecraft:sugar_cane":13,"minecraft:oak_planks":1,"hexerei:animal_fat":1,"minecraft:stick":6,"minecraft:raw_iron":18,"scalinghealth:heart_crystal_shard":5,"epicpaladins:arclight_gem":3,"minecraft:green_bed":1,"mysticalagriculture:prosperity_shard":18,"sophisticatedbackpacks:backpack":1,"minecraft:porkchop":7,"ancient_elements:raw_tin":5,"chococraft:gysahl_green_seeds":22,"minecraft:redstone":62,"forbidden_arcanus:arcane_crystal":2,"hexerei:sage_seed":3,"gamma_beasts:prehnite_pickaxe":1,"eidolon:raw_lead":12,"minecraft:slime_ball":2,"minecraft:decorated_pot":5,"ars_magica_classic:deepslate_vinteum_ore":1,"minecraft:spruce_sign":1,"arsmagicalegacy:chimerite":9,"supplementaries:ash":7,"mysticsbiomes:peach_sapling":3,"minecraft:cobblestone":30,"iceandfire:raw_silver":3,"mysticsbiomes:lush_sand":2,"minecraft:rail":1,"minecraft:coal":3,"minecraft:iron_bars":1,"forbidden_arcanus:spawner_scrap":1,"minecraft:skeleton_skull":1,"biomesoplenty:orange_sand":21},"minecraft:custom":{"minecraft:mob_kills":6,"minecraft:interact_with_crafting_table":9,"minecraft:open_barrel":2,"minecraft:damage_dealt_resisted":0,"minecraft:leave_game":7,"minecraft:time_since_death":36180,"minecraft:climb_one_cm":1456,"minecraft:time_since_rest":35534,"minecraft:sprint_one_cm":63007,"minecraft:damage_taken":1500,"minecraft:walk_one_cm":441379,"minecraft:trigger_trapped_chest":3,"minecraft:drop":5,"minecraft:damage_dealt":640,"minecraft:fly_one_cm":618566,"minecraft:open_chest":6,"minecraft:play_time":121565,"minecraft:deaths":1,"minecraft:walk_under_water_one_cm":27850,"minecraft:jump":727,"minecraft:total_world_time":121565,"minecraft:fall_one_cm":4654,"minecraft:walk_on_water_one_cm":34368},"minecraft:mined":{"minecraft:deepslate_redstone_ore":9,"iceandfire:silver_ore":2,"mysticsbiomes:wildflower":17,"biomesoplenty:orange_sand":24,"biomesoplenty:desert_grass":2,"mysticsbiomes:peach_leaves":2,"minecraft:crafting_table":1,"minecraft:grass_block":5,"knightsnmages:deepslate_scarlet_ore":4,"minecraft:decorated_pot":2,"occultism:silver_ore_deepslate":26,"iceandfire:deepslate_silver_ore":1,"mysticsbiomes:lush_sand":2,"ancient_elements:deepslate_tin_ore":3,"minecraft:copper_ore":3,"minecraft:cobblestone":1,"arsmagicalegacy:deepslate_chimerite_ore":4,"minecraft:lapis_ore":7,"biomesoplenty:orange_sandstone":1,"minecraft:sugar_cane":5,"minecraft:spawner":1,"minecraft:deepslate_copper_ore":2,"epicpaladins:deepslate_arclight_ore":3,"epicsamurai:deepslate_jade_ore":8,"minecraft:redstone_ore":5,"forbidden_arcanus:deepslate_arcane_crystal_ore":2,"arsmagicalegacy:chimerite_ore":3,"minecraft:packed_mud":1,"mysticsbiomes:lush_sandstone":2,"forbidden_arcanus:xpetrified_ore":2,"minecraft:iron_ore":10,"eidolon:deep_lead_ore":9,"regions_unexplored:hibiscus":5,"minecraft:grass":18,"chococraft:gysahl_green":13,"minecraft:coal_ore":3,"minecraft:deepslate_iron_ore":9,"minecraft:rail":1,"ancient_elements:palladium_ore":7,"minecraft:iron_bars":4,"minecraft:sand":1,"minecraft:dirt":4,"mysticsbiomes:peach_log":6,"mysticalagriculture:deepslate_prosperity_ore":6,"mysticsbiomes:saguaro_cactus":2,"minecraft:stone":21,"minecraft:gold_ore":1,"minecraft:deepslate":18,"minecraft:green_bed":1,"mysticalagriculture:deepslate_inferium_ore":4,"eidolon:lead_ore":3},"minecraft:killed_by":{"iceandfire:fire_dragon":1},"minecraft:broken":{"gamma_beasts:prehnite_pickaxe":1},"minecraft:used":{"minecraft:stone_pickaxe":68,"minecraft:decorated_pot":2,"minecraft:torch":1,"minecraft:crafting_table":1,"gamma_beasts:prehnite_pickaxe":234,"ars_magica_classic:deepslate_vinteum_ore":1,"biomesoplenty:orange_sand":13,"mysticsbiomes:peach_planks":1,"minecraft:cobblestone":24}},"DataVersion":3465}