{"stats":{"minecraft:crafted":{"minecraft:oak_planks":116,"minecraft:iron_pickaxe":1,"minecraft:chest":1,"iceandfire:copper_pickaxe":1,"minecraft:acacia_planks":36},"minecraft:dropped":{"minecraft:iron_sword":1,"minecraft:wheat_seeds":1,"minecraft:iron_pickaxe":1},"minecraft:used":{"minecraft:chest":1,"minecraft:torch":13,"epicpaladins:arclight_sword":1,"epicpaladins:arclight_pickaxe":311,"minecraft:apple":1,"iceandfire:copper_pickaxe":50,"minecraft:stone_axe":41,"minecraft:cobblestone":14,"alexsmobs:animal_dictionary":1,"minecraft:cobbled_deepslate":43},"minecraft:custom":{"minecraft:interact_with_crafting_table":4,"minecraft:interact_with_loom":1,"minecraft:time_since_death":37732,"minecraft:climb_one_cm":7800,"minecraft:time_since_rest":37732,"minecraft:sprint_one_cm":53,"minecraft:damage_taken":90,"minecraft:walk_one_cm":150567,"minecraft:drop":3,"minecraft:damage_dealt":85,"minecraft:fly_one_cm":148,"minecraft:open_chest":26,"minecraft:play_time":37732,"minecraft:jump":182,"minecraft:walk_on_water_one_cm":583,"minecraft:total_world_time":37732,"minecraft:fall_one_cm":2265},"minecraft:mined":{"minecraft:blackstone":171,"ars_magica_classic:deepslate_vinteum_ore":4,"tetra:block_geode":3,"solarcraft:crystal":1,"minecraft:torch":1,"minecraft:budding_amethyst":2,"minecraft:calcite":13,"biomeswevegone:orchard_leaves":18,"biomeswevegone:clover_patch":1,"biomeswevegone:apple_fruit":13,"minecraft:deepslate_coal_ore":2,"minecraft:amethyst_block":26,"forbidden_arcanus:deepslate_arcane_crystal_ore":4,"biomeswevegone:yellow_daffodil":5,"eidolon:deep_lead_ore":3,"minecraft:cobbled_deepslate":1,"biomeswevegone:lollipop_flower":1,"evilcraft:dark_ore":1,"minecraft:deepslate_lapis_ore":2,"knightsnmages:scarlet_ore":1,"minecraft:grass":2,"minecraft:oak_log":29,"minecraft:coal_ore":5,"biomeswevegone:ripe_orchard_leaves":5,"biomeswevegone:flower_patch":11,"mysticalagriculture:deepslate_prosperity_ore":9,"minecraft:smooth_basalt":5,"knightsnmages:deepslate_moonlight_ore":8,"minecraft:stone":14,"minecraft:mossy_stone_bricks":1,"mysticalagriculture:deepslate_inferium_ore":1,"minecraft:deepslate":84},"minecraft:broken":{"minecraft:stone_axe":1},"minecraft:picked_up":{"alexsmobs:acacia_blossom":1,"iceandfire:armor_copper_metal_chestplate":1,"solarcraft:ancient_fragment":3,"minecraft:oak_log":29,"biomeswevegone:orchard_sapling":5,"iceandfire:armor_copper_metal_helmet":1,"minecraft:amethyst_block":26,"biomeswevegone:lollipop_flower":1,"minecraft:lapis_lazuli":14,"biomeswevegone:clover_patch":1,"minecraft:bone":1,"biomeswevegone:yellow_daffodil":5,"minecraft:blackstone":169,"epicpaladins:arclight_pickaxe":1,"minecraft:apple":17,"minecraft:wheat_seeds":1,"knightsnmages:scarlet_gem":1,"mysticalagriculture:inferium_essence":4,"minecraft:cobbled_deepslate":84,"minecraft:calcite":10,"minecraft:mossy_stone_bricks":1,"minecraft:iron_pickaxe":1,"solarcraft:empty_crystal":1,"minecraft:acacia_sapling":3,"minecraft:stick":6,"minecraft:smooth_basalt":5,"biomeswevegone:flower_patch":11,"iceandfire:armor_copper_metal_leggings":1,"minecraft:copper_ingot":10,"minecraft:budding_amethyst":2,"minecraft:acacia_log":9,"minecraft:torch":24,"mysticalagriculture:prosperity_shard":25,"minecraft:amethyst_shard":2,"epicpaladins:arclight_sword":1,"iceandfire:armor_copper_metal_boots":1,"forbidden_arcanus:arcane_crystal":4,"eidolon:raw_lead":3,"tetra:geode":3,"minecraft:stone_axe":1,"evilcraft:dark_gem":5,"ars_magica_classic:deepslate_vinteum_ore":4,"knightsnmages:moonlight_gem":8,"gamma_beasts:coal_nugget":2,"minecraft:coal":7,"minecraft:cobblestone":14}},"DataVersion":3465}