{"stats":{"minecraft:killed":{"eidolon:slimy_slug":2},"minecraft:picked_up":{"regions_unexplored:hibiscus":2,"mysticsbiomes:wildflower":11,"minecraft:stick":2,"minecraft:slime_ball":2,"mysticsbiomes:saguaro_cactus":1,"mysticsbiomes:peach_log":6,"mysticsbiomes:peach_sapling":1,"delightful:green_tea_leaf":1,"mysticsbiomes:lush_sand":2},"minecraft:mined":{"mysticsbiomes:wildflower":11,"mysticsbiomes:peach_log":6,"mysticsbiomes:lush_sand":2,"regions_unexplored:hibiscus":5,"mysticsbiomes:saguaro_cactus":2,"mysticsbiomes:peach_leaves":2},"minecraft:custom":{"minecraft:time_since_rest":11099,"minecraft:play_time":11099,"minecraft:sprint_one_cm":4022,"minecraft:walk_one_cm":31601,"minecraft:mob_kills":2,"minecraft:jump":53,"minecraft:damage_dealt":150,"minecraft:walk_on_water_one_cm":142,"minecraft:time_since_death":11099,"minecraft:total_world_time":11099,"minecraft:climb_one_cm":196,"minecraft:fly_one_cm":157}},"DataVersion":3465}