{"stats":{"minecraft:used":{"minecraft:chest":1,"minecraft:torch":29,"epicpaladins:arclight_sword":55,"minecraft:stone_bricks":1,"iceandfire:copper_pickaxe":51,"tombstone:gift":1,"minecraft:cobbled_deepslate":73,"minecraft:mossy_stone_bricks":1,"epicpaladins:arclight_pickaxe":1207,"minecraft:apple":5,"minecraft:stone_axe":41,"minecraft:cobblestone":15,"toughasnails:purified_water_canteen":1,"alexsmobs:animal_dictionary":1},"minecraft:killed_by":{"minecraft:vindicator":1},"minecraft:custom":{"minecraft:mob_kills":4,"minecraft:interact_with_crafting_table":7,"minecraft:damage_dealt_resisted":0,"minecraft:leave_game":2,"minecraft:time_since_death":9466,"minecraft:climb_one_cm":20164,"minecraft:damage_resisted":0,"minecraft:sprint_one_cm":4661,"minecraft:walk_one_cm":461669,"minecraft:drop":95,"minecraft:play_time":102495,"minecraft:deaths":1,"minecraft:sneak_time":297,"minecraft:walk_under_water_one_cm":3912,"minecraft:jump":499,"minecraft:walk_on_water_one_cm":36652,"minecraft:total_world_time":102495,"tombstone:raider_killed":1,"minecraft:interact_with_loom":8,"minecraft:time_since_rest":9212,"minecraft:damage_taken":519,"minecraft:damage_dealt":997,"minecraft:fly_one_cm":1728,"minecraft:open_chest":42,"minecraft:crouch_one_cm":218,"minecraft:fall_one_cm":5359},"minecraft:dropped":{"minecraft:iron_sword":1,"duneons:naturalcandle":1,"minecraft:wheat_seeds":7,"minecraft:lapis_lazuli":1,"knightsnmages:scarlet_gem":1,"minecraft:crafting_table":1,"minecraft:cobblestone":6,"minecraft:stick":2,"minecraft:dirt":8,"duneons:smalltraylobbyplant":2,"tombstone:grave_dust":1,"minecraft:gold_nugget":1,"toughasnails:purified_water_canteen":1,"minecraft:iron_pickaxe":1,"minecraft:acacia_planks":36,"duneons:dungeonsmalltable":1,"minecraft:smooth_basalt":5,"minecraft:blackstone":13,"minecraft:tuff":32,"minecraft:oak_planks":64,"duneons:stonepath":1,"duneons:dungeonbarrel":2,"mysticalagriculture:inferium_essence":4,"minecraft:mossy_stone_bricks":1,"minecraft:stone_bricks":4,"minecraft:calcite":20},"minecraft:mined":{"solarcraft:ardo_rune_block":1,"minecraft:tuff":16,"farmersdelight:onions":6,"minecraft:deepslate_diamond_ore":20,"tetra:block_geode":9,"solarcraft:crystal":1,"minecraft:budding_amethyst":2,"minecraft:grass_block":3,"minecraft:stone_brick_wall":1,"biomeswevegone:orchard_leaves":18,"occultism:silver_ore_deepslate":8,"duneons:dungeonbarrel":2,"farmersdelight:tomatoes":6,"minecraft:composter":1,"duneons:latticestonedirt":1,"epicsamurai:deepslate_jade_ore":7,"duneons:dungeonsmalltable":1,"forbidden_arcanus:deepslate_arcane_crystal_ore":4,"minecraft:carrots":12,"biomeswevegone:yellow_daffodil":5,"farmersdelight:rice":16,"minecraft:cobbled_deepslate":1,"arsmagicalegacy:moonstone_ore":1,"minecraft:pumpkin":15,"evilcraft:dark_ore":1,"minecraft:deepslate_lapis_ore":10,"knightsnmages:scarlet_ore":1,"biomeswevegone:baobab_fruit":1,"minecraft:potatoes":3,"chococraft:gysahl_green":3,"minecraft:vine":2,"minecraft:iron_bars":1,"farmersdelight:rice_panicles":4,"regions_unexplored:medium_grass":1,"knightsnmages:deepslate_moonlight_ore":8,"minecraft:stone":21,"regions_unexplored:windswept_grass":6,"minecraft:deepslate_redstone_ore":4,"minecraft:blackstone":568,"ars_magica_classic:deepslate_vinteum_ore":4,"ars_magica_classic:blue_orchid":5,"minecraft:crafting_table":1,"minecraft:torch":4,"minecraft:calcite":13,"regions_unexplored:volcanic_ash":1,"solarcraft:solar_stone_collumn":1,"solarcraft:solar_stone_stairs":1,"farmersdelight:cabbages":2,"biomeswevegone:clover_patch":2,"duneons:naturalcandle":1,"minecraft:cobblestone":1,"biomeswevegone:apple_fruit":13,"minecraft:deepslate_coal_ore":2,"minecraft:deepslate_gold_ore":6,"minecraft:wall_torch":2,"minecraft:amethyst_block":26,"supplementaries:urn":2,"solarcraft:inscription_stone":1,"forbidden_arcanus:darkstone":50,"evilcraft:dark_ore_deepslate":3,"eidolon:deep_lead_ore":10,"minecraft:wheat":4,"biomeswevegone:lollipop_flower":1,"duneons:smalltraylobbyplant":2,"iceandfire:pixie_house_mushroom_red":1,"minecraft:yellow_bed":1,"minecraft:grass":9,"minecraft:oak_log":29,"minecraft:coal_ore":5,"minecraft:beetroots":6,"biomeswevegone:ripe_orchard_leaves":5,"biomeswevegone:flower_patch":11,"minecraft:gravel":6,"minecraft:dirt":10,"solarcraft:magistone":3,"mysticalagriculture:deepslate_prosperity_ore":24,"minecraft:smooth_basalt":5,"minecraft:stone_bricks":4,"duneons:stonepath":1,"minecraft:mossy_stone_bricks":1,"mysticalagriculture:deepslate_inferium_ore":1,"minecraft:deepslate":257,"minecraft:fern":2},"minecraft:picked_up":{"duneons:smalltraylobbyplant":2,"minecraft:crafting_table":1,"iceandfire:armor_copper_metal_chestplate":1,"solarcraft:ancient_fragment":3,"minecraft:stone_brick_wall":1,"occultism:raw_silver":8,"duneons:stonepath":1,"minecraft:amethyst_block":26,"solarcraft:inscription_stone":1,"epicsamurai:jade":7,"minecraft:blackstone":333,"minecraft:beetroot":5,"biomeswevegone:baobab_fruit":2,"mysticalagriculture:inferium_essence":4,"minecraft:gold_nugget":1,"minecraft:cobbled_deepslate":201,"minecraft:calcite":20,"minecraft:iron_pickaxe":1,"farmersdelight:cabbage_seeds":1,"minecraft:stick":6,"minecraft:composter":1,"iceandfire:armor_copper_metal_leggings":1,"minecraft:copper_ingot":10,"minecraft:torch":33,"minecraft:acacia_log":9,"mysticalagriculture:prosperity_shard":54,"minecraft:porkchop":1,"farmersdelight:tomato_seeds":8,"tombstone:grave_dust":1,"minecraft:carrot":28,"iceandfire:armor_copper_metal_boots":1,"duneons:latticestonedirt":1,"minecraft:redstone":19,"solarcraft:ardo_rune_block":1,"hexerei:sage_seed":1,"duneons:dungeonbarrel":2,"duneons:dungeonsmalltable":1,"minecraft:beetroot_seeds":13,"farmersdelight:onion":6,"supplementaries:antique_ink":3,"ars_magica_classic:deepslate_vinteum_ore":4,"gamma_beasts:coal_nugget":2,"supplementaries:ash":5,"minecraft:mutton":2,"minecraft:iron_bars":1,"minecraft:white_wool":2,"minecraft:cobblestone":21,"farmersdelight:rice":16,"alexsmobs:acacia_blossom":1,"minecraft:potato":2,"solarcraft:solar_stone_collumn":1,"duneons:naturalcandle":1,"minecraft:tuff":32,"minecraft:oak_log":29,"biomeswevegone:orchard_sapling":5,"minecraft:yellow_bed":1,"iceandfire:armor_copper_metal_helmet":1,"biomeswevegone:lollipop_flower":1,"minecraft:lapis_lazuli":64,"minecraft:dirt":18,"biomeswevegone:clover_patch":1,"iceandfire:pixie_house_mushroom_red":1,"ars_magica_classic:blue_orchid":3,"biomeswevegone:yellow_daffodil":5,"minecraft:bone":1,"chococraft:gysahl_green":8,"epicpaladins:arclight_pickaxe":1,"minecraft:apple":17,"minecraft:stone_bricks":5,"knightsnmages:scarlet_gem":2,"minecraft:wheat_seeds":8,"solarcraft:solar_stone_stairs":1,"minecraft:raw_gold":6,"minecraft:mossy_stone_bricks":2,"solarcraft:empty_crystal":1,"minecraft:acacia_sapling":3,"hexerei:animal_fat":1,"toughasnails:purified_water_canteen":1,"minecraft:smooth_basalt":5,"biomeswevegone:flower_patch":11,"minecraft:pumpkin":13,"minecraft:budding_amethyst":2,"minecraft:gravel":6,"minecraft:amethyst_shard":2,"chococraft:gysahl_green_seeds":4,"epicpaladins:arclight_sword":1,"forbidden_arcanus:arcane_crystal":4,"eidolon:raw_lead":10,"tetra:geode":9,"minecraft:diamond":20,"minecraft:stone_axe":1,"evilcraft:dark_gem":19,"knightsnmages:moonlight_gem":8,"minecraft:emerald":6,"minecraft:coal":7},"minecraft:killed":{"minecraft:vindicator":1,"minecraft:pig":1,"minecraft:sheep":2},"minecraft:broken":{"minecraft:stone_axe":1},"minecraft:crafted":{"minecraft:oak_planks":116,"minecraft:chest":1,"iceandfire:copper_pickaxe":1,"minecraft:iron_pickaxe":1,"minecraft:acacia_planks":36}},"DataVersion":3465}