{"stats":{"minecraft:killed":{"eidolon:slimy_slug":2},"minecraft:picked_up":{"regions_unexplored:hibiscus":5,"minecraft:stick":2,"mysticsbiomes:wildflower":11,"chococraft:loverly_gysahl_green":3,"chococraft:gysahl_green":22,"minecraft:slime_ball":2,"minecraft:wheat_seeds":1,"mysticsbiomes:saguaro_cactus":1,"mysticsbiomes:peach_log":6,"chococraft:gysahl_green_seeds":8,"mysticsbiomes:peach_sapling":1,"delightful:green_tea_leaf":1,"mysticsbiomes:lush_sand":2,"minecraft:oak_planks":1,"biomesoplenty:orange_sand":8},"minecraft:used":{"biomesoplenty:orange_sand":7},"minecraft:dropped":{"minecraft:oak_planks":1},"minecraft:mined":{"minecraft:grass":7,"chococraft:gysahl_green":6,"minecraft:grass_block":2,"mysticsbiomes:wildflower":11,"mysticsbiomes:lush_sand":2,"mysticsbiomes:peach_log":6,"biomesoplenty:orange_sand":8,"regions_unexplored:hibiscus":5,"mysticsbiomes:saguaro_cactus":2,"biomesoplenty:desert_grass":2,"mysticsbiomes:peach_leaves":2},"minecraft:custom":{"minecraft:time_since_rest":25992,"minecraft:play_time":25992,"minecraft:sprint_one_cm":17829,"minecraft:damage_taken":10,"minecraft:walk_one_cm":88620,"minecraft:mob_kills":2,"minecraft:drop":1,"minecraft:jump":146,"minecraft:damage_dealt":150,"minecraft:leave_game":2,"minecraft:time_since_death":25992,"minecraft:walk_on_water_one_cm":1431,"minecraft:total_world_time":25992,"minecraft:climb_one_cm":1113,"minecraft:interact_with_crafting_table":1,"minecraft:fall_one_cm":813,"minecraft:fly_one_cm":1175},"minecraft:crafted":{"mysticsbiomes:peach_planks":24}},"DataVersion":3465}