{"stats":{"minecraft:killed_by":{"minecraft:vindicator":1},"minecraft:broken":{"minecraft:stone_axe":1},"minecraft:crafted":{"minecraft:oak_planks":116,"minecraft:chest":1,"iceandfire:copper_pickaxe":1,"minecraft:iron_pickaxe":1,"minecraft:acacia_planks":36},"minecraft:picked_up":{"duneons:smalltraylobbyplant":2,"minecraft:crafting_table":1,"iceandfire:armor_copper_metal_chestplate":1,"minecraft:stone_brick_wall":1,"occultism:raw_silver":8,"solarcraft:ancient_fragment":3,"duneons:stonepath":1,"minecraft:amethyst_block":26,"solarcraft:inscription_stone":1,"epicsamurai:jade":7,"minecraft:blackstone":333,"biomeswevegone:baobab_fruit":2,"mysticalagriculture:inferium_essence":4,"minecraft:gold_nugget":1,"minecraft:cobbled_deepslate":201,"minecraft:calcite":20,"minecraft:iron_pickaxe":1,"farmersdelight:cabbage_seeds":1,"minecraft:stick":6,"iceandfire:armor_copper_metal_leggings":1,"minecraft:copper_ingot":10,"mysticalagriculture:prosperity_shard":54,"minecraft:torch":32,"minecraft:acacia_log":9,"minecraft:porkchop":1,"farmersdelight:tomato_seeds":8,"iceandfire:armor_copper_metal_boots":1,"duneons:latticestonedirt":1,"minecraft:redstone":19,"solarcraft:ardo_rune_block":1,"hexerei:sage_seed":1,"duneons:dungeonbarrel":2,"duneons:dungeonsmalltable":1,"farmersdelight:onion":6,"supplementaries:antique_ink":3,"ars_magica_classic:deepslate_vinteum_ore":4,"gamma_beasts:coal_nugget":2,"supplementaries:ash":5,"minecraft:iron_bars":1,"minecraft:cobblestone":21,"farmersdelight:rice":16,"alexsmobs:acacia_blossom":1,"duneons:naturalcandle":1,"solarcraft:solar_stone_collumn":1,"minecraft:tuff":32,"minecraft:oak_log":29,"biomeswevegone:orchard_sapling":5,"minecraft:yellow_bed":1,"iceandfire:armor_copper_metal_helmet":1,"biomeswevegone:lollipop_flower":1,"minecraft:lapis_lazuli":64,"minecraft:dirt":14,"biomeswevegone:clover_patch":1,"biomeswevegone:yellow_daffodil":5,"minecraft:bone":1,"chococraft:gysahl_green":8,"epicpaladins:arclight_pickaxe":1,"minecraft:apple":17,"minecraft:stone_bricks":5,"minecraft:wheat_seeds":2,"knightsnmages:scarlet_gem":2,"solarcraft:solar_stone_stairs":1,"minecraft:raw_gold":6,"minecraft:mossy_stone_bricks":2,"solarcraft:empty_crystal":1,"minecraft:acacia_sapling":3,"hexerei:animal_fat":1,"toughasnails:purified_water_canteen":1,"minecraft:smooth_basalt":5,"biomeswevegone:flower_patch":11,"minecraft:pumpkin":5,"minecraft:budding_amethyst":2,"minecraft:gravel":6,"minecraft:amethyst_shard":2,"chococraft:gysahl_green_seeds":4,"epicpaladins:arclight_sword":1,"forbidden_arcanus:arcane_crystal":4,"eidolon:raw_lead":10,"tetra:geode":9,"minecraft:diamond":20,"minecraft:stone_axe":1,"evilcraft:dark_gem":19,"knightsnmages:moonlight_gem":8,"minecraft:emerald":6,"minecraft:coal":7},"minecraft:killed":{"minecraft:pig":1},"minecraft:dropped":{"minecraft:iron_sword":1,"duneons:naturalcandle":1,"minecraft:wheat_seeds":1,"knightsnmages:scarlet_gem":1,"minecraft:cobblestone":6,"minecraft:gold_nugget":1,"toughasnails:purified_water_canteen":1,"minecraft:iron_pickaxe":1,"minecraft:acacia_planks":36,"duneons:dungeonsmalltable":1,"minecraft:smooth_basalt":5,"minecraft:blackstone":13,"minecraft:tuff":32,"minecraft:oak_planks":64,"duneons:stonepath":1,"mysticalagriculture:inferium_essence":4,"minecraft:mossy_stone_bricks":1,"minecraft:calcite":20},"minecraft:mined":{"solarcraft:ardo_rune_block":1,"minecraft:tuff":16,"farmersdelight:onions":6,"minecraft:deepslate_diamond_ore":20,"tetra:block_geode":9,"solarcraft:crystal":1,"minecraft:budding_amethyst":2,"minecraft:grass_block":3,"minecraft:stone_brick_wall":1,"biomeswevegone:orchard_leaves":18,"occultism:silver_ore_deepslate":8,"duneons:dungeonbarrel":2,"farmersdelight:tomatoes":6,"duneons:latticestonedirt":1,"epicsamurai:deepslate_jade_ore":7,"duneons:dungeonsmalltable":1,"forbidden_arcanus:deepslate_arcane_crystal_ore":4,"biomeswevegone:yellow_daffodil":5,"farmersdelight:rice":16,"minecraft:cobbled_deepslate":1,"minecraft:pumpkin":6,"evilcraft:dark_ore":1,"minecraft:deepslate_lapis_ore":10,"knightsnmages:scarlet_ore":1,"biomeswevegone:baobab_fruit":1,"chococraft:gysahl_green":3,"minecraft:vine":2,"minecraft:iron_bars":1,"farmersdelight:rice_panicles":4,"knightsnmages:deepslate_moonlight_ore":8,"minecraft:stone":20,"minecraft:deepslate_redstone_ore":4,"minecraft:blackstone":568,"ars_magica_classic:deepslate_vinteum_ore":4,"minecraft:crafting_table":1,"minecraft:torch":4,"minecraft:calcite":13,"regions_unexplored:volcanic_ash":1,"solarcraft:solar_stone_collumn":1,"solarcraft:solar_stone_stairs":1,"farmersdelight:cabbages":2,"biomeswevegone:clover_patch":2,"biomeswevegone:apple_fruit":13,"minecraft:cobblestone":1,"duneons:naturalcandle":1,"minecraft:deepslate_coal_ore":2,"minecraft:deepslate_gold_ore":6,"minecraft:wall_torch":2,"minecraft:amethyst_block":26,"supplementaries:urn":2,"solarcraft:inscription_stone":1,"forbidden_arcanus:darkstone":50,"evilcraft:dark_ore_deepslate":3,"eidolon:deep_lead_ore":10,"biomeswevegone:lollipop_flower":1,"duneons:smalltraylobbyplant":2,"minecraft:yellow_bed":1,"minecraft:grass":8,"minecraft:coal_ore":5,"minecraft:oak_log":29,"biomeswevegone:flower_patch":11,"biomeswevegone:ripe_orchard_leaves":5,"minecraft:gravel":6,"minecraft:dirt":10,"solarcraft:magistone":3,"mysticalagriculture:deepslate_prosperity_ore":24,"minecraft:smooth_basalt":5,"minecraft:stone_bricks":4,"duneons:stonepath":1,"minecraft:mossy_stone_bricks":1,"mysticalagriculture:deepslate_inferium_ore":1,"minecraft:deepslate":257},"minecraft:custom":{"minecraft:mob_kills":1,"minecraft:interact_with_crafting_table":5,"minecraft:damage_dealt_resisted":0,"minecraft:time_since_death":2010,"minecraft:climb_one_cm":20164,"minecraft:damage_resisted":0,"minecraft:sprint_one_cm":935,"minecraft:walk_one_cm":363600,"minecraft:drop":84,"minecraft:play_time":95039,"minecraft:deaths":1,"minecraft:sneak_time":270,"minecraft:walk_under_water_one_cm":667,"minecraft:jump":370,"minecraft:walk_on_water_one_cm":17496,"minecraft:total_world_time":95039,"minecraft:interact_with_loom":8,"minecraft:time_since_rest":1756,"minecraft:damage_taken":461,"minecraft:damage_dealt":757,"minecraft:fly_one_cm":1498,"minecraft:open_chest":42,"minecraft:crouch_one_cm":73,"minecraft:fall_one_cm":4191},"minecraft:used":{"minecraft:chest":1,"minecraft:torch":26,"epicpaladins:arclight_sword":48,"iceandfire:copper_pickaxe":51,"minecraft:stone_bricks":1,"tombstone:gift":1,"minecraft:cobbled_deepslate":73,"minecraft:mossy_stone_bricks":1,"epicpaladins:arclight_pickaxe":1142,"minecraft:apple":3,"minecraft:stone_axe":41,"minecraft:cobblestone":15,"toughasnails:purified_water_canteen":1,"alexsmobs:animal_dictionary":1}},"DataVersion":3465}