{"stats":{"minecraft:picked_up":{"regions_unexplored:hibiscus":2,"minecraft:stick":11,"minecraft:crafting_table":1,"mysticsbiomes:saguaro_cactus":8,"mysticsbiomes:peach_log":46,"mysticsbiomes:peach_sapling":12,"delightful:green_tea_leaf":1},"minecraft:used":{"minecraft:wooden_axe":58,"minecraft:crafting_table":1},"minecraft:dropped":{"regions_unexplored:hibiscus":2},"minecraft:mined":{"minecraft:grass":1,"mysticsbiomes:peach_log":48,"mysticsbiomes:saguaro_cactus":2,"mysticsbiomes:peach_leaves":7,"minecraft:crafting_table":1},"minecraft:custom":{"minecraft:time_since_rest":11521,"minecraft:play_time":11521,"minecraft:sprint_one_cm":25390,"minecraft:damage_taken":50,"minecraft:walk_one_cm":20899,"minecraft:sneak_time":19,"minecraft:drop":1,"minecraft:jump":76,"minecraft:walk_on_water_one_cm":62,"minecraft:time_since_death":11521,"minecraft:total_world_time":11521,"minecraft:fall_one_cm":1290,"minecraft:interact_with_crafting_table":2,"minecraft:fly_one_cm":11034},"minecraft:crafted":{"mysticsbiomes:peach_planks":24,"minecraft:crafting_table":1,"minecraft:stick":4,"minecraft:wooden_axe":1}},"DataVersion":3465}