{"stats":{"minecraft:dropped":{"minecraft:iron_ingot":8,"minecraft:wheat_seeds":1,"gamma_beasts:prehnite_pickaxe":1,"biomesoplenty:dried_salt":4,"minecraft:cobbled_deepslate":18,"minecraft:oak_planks":5,"sophisticatedbackpacks:backpack":1,"supplementaries:flax_seeds":1,"regions_unexplored:hibiscus":2,"sophisticatedbackpacks:copper_backpack":1},"minecraft:crafted":{"minecraft:oak_planks":4,"mysticsbiomes:peach_planks":24,"minecraft:furnace":1,"gamma_beasts:prehnite_sword":1,"minecraft:stone_pickaxe":1,"sophisticatedbackpacks:iron_backpack":1,"minecraft:crafting_table":2,"sophisticatedbackpacks:gold_backpack":1,"minecraft:stone_axe":1,"minecraft:air":0,"minecraft:stick":4,"minecraft:iron_ingot":20,"minecraft:iron_pickaxe":1,"minecraft:wooden_axe":1,"minecraft:gold_ingot":9,"minecraft:torch":16,"gamma_beasts:prehnite_pickaxe":2},"minecraft:picked_up":{"regions_unexplored:hibiscus":2,"minecraft:mud_brick_slab":2,"minecraft:crafting_table":5,"arsmagicalegacy:vinteum_dust":20,"mysticsbiomes:peach_log":46,"ars_magica_classic:desert_nova":7,"forbidden_arcanus:xpetrified_orb":7,"minecraft:string":2,"minecraft:raw_copper":52,"minecraft:item_frame":4,"epicsamurai:jade":7,"mysticalagriculture:inferium_essence":67,"minecraft:cobbled_deepslate":19,"delightful:acorn":1,"arsmagicalegacy:moonstone":5,"delightful:green_tea_leaf":1,"minecraft:raw_copper_block":1,"minecraft:furnace":1,"minecraft:raw_iron":35,"minecraft:stick":22,"apotheosis:gem":4,"epicpaladins:arclight_gem":1,"minecraft:torch":2,"mysticalagriculture:prosperity_shard":12,"ancient_elements:raw_tin":43,"minecraft:redstone":21,"hexerei:sage_seed":1,"epicpaladins:cryorium_gem":6,"ars_magica_classic:deepslate_vinteum_ore":5,"gamma_beasts:coal_nugget":10,"arsmagicalegacy:chimerite":7,"sophisticatedbackpacks:copper_backpack":1,"minecraft:cobblestone":149,"minecraft:rail":1,"biomesoplenty:dried_salt":30,"minecraft:glow_ink_sac":2,"ars_magica_classic:vinteum_ore":17,"gamma_beasts:prehnite":19,"minecraft:tuff":1,"minecraft:oak_log":20,"supplementaries:flax_seeds":2,"minecraft:dirt":4,"solarcraft:energy_dust":5,"ars_magica_classic:blue_orchid":1,"chococraft:gysahl_green":10,"minecraft:apple":1,"knightsnmages:scarlet_gem":4,"minecraft:wheat_seeds":3,"minecraft:raw_gold":2,"mysticsbiomes:saguaro_cactus":8,"scalinghealth:power_crystal_shard":2,"minecraft:stripped_oak_wood":1,"minecraft:oak_planks":6,"minecraft:book":21,"minecraft:sand":3,"chococraft:gysahl_green_seeds":2,"minecraft:mud_brick_wall":2,"minecraft:mossy_cobblestone":1,"minecraft:oak_wood":21,"eidolon:raw_lead":6,"evilcraft:dark_gem":8,"mysticsbiomes:peach_sapling":12,"epicsamurai:ruby":3,"minecraft:oak_sapling":11,"minecraft:coal":27,"iceandfire:raw_silver":10},"minecraft:custom":{"minecraft:interact_with_crafting_table":22,"minecraft:open_barrel":5,"minecraft:leave_game":6,"minecraft:time_since_death":171990,"minecraft:climb_one_cm":4060,"minecraft:sprint_one_cm":398728,"minecraft:walk_one_cm":356003,"minecraft:drop":12,"minecraft:play_time":171990,"minecraft:sneak_time":2531,"minecraft:walk_under_water_one_cm":9878,"minecraft:jump":1979,"minecraft:walk_on_water_one_cm":19123,"minecraft:total_world_time":171990,"minecraft:interact_with_furnace":13,"minecraft:time_since_rest":171990,"minecraft:damage_taken":600,"minecraft:trigger_trapped_chest":2,"minecraft:swim_one_cm":6606,"minecraft:fly_one_cm":1554375,"minecraft:open_chest":10,"minecraft:crouch_one_cm":1797,"minecraft:fall_one_cm":33226},"minecraft:mined":{"mysticalagriculture:prosperity_ore":7,"minecraft:tuff":1,"iceandfire:silver_ore":10,"minecraft:mossy_cobblestone":1,"ancient_elements:lead_ore":1,"ars_magica_classic:desert_nova":8,"epicpaladins:cryorium_ore":4,"mysticsbiomes:peach_leaves":7,"minecraft:grass_block":4,"minecraft:decorated_pot":2,"biomesoplenty:dried_salt":28,"minecraft:mud_brick_wall":2,"mysticalagriculture:inferium_ore":18,"forbidden_arcanus:arcane_crystal_ore":1,"epicsamurai:deepslate_jade_ore":3,"minecraft:redstone_ore":4,"minecraft:furnace":1,"minecraft:iron_ore":34,"gamma_beasts:prehnite_ore":19,"arsmagicalegacy:vinteum_ore":20,"arsmagicalegacy:moonstone_ore":6,"ancient_elements:tin_ore":39,"evilcraft:dark_ore":2,"chococraft:gysahl_green":4,"minecraft:bookshelf":7,"minecraft:deepslate_iron_ore":4,"minecraft:vine":1,"scalinghealth:deepslate_power_crystal_ore":2,"minecraft:stone":166,"minecraft:tripwire":1,"eidolon:lead_ore":6,"minecraft:deepslate_redstone_ore":1,"minecraft:mud_brick_slab":2,"minecraft:light_gray_carpet":1,"epicsamurai:jade_ore":4,"ars_magica_classic:deepslate_vinteum_ore":6,"ars_magica_classic:blue_orchid":1,"minecraft:crafting_table":5,"minecraft:torch":1,"minecraft:oak_wood":21,"knightsnmages:deepslate_scarlet_ore":5,"minecraft:dead_bush":1,"ancient_elements:deepslate_tin_ore":6,"minecraft:copper_ore":16,"minecraft:cobblestone":4,"arsmagicalegacy:deepslate_chimerite_ore":8,"minecraft:deepslate_gold_ore":2,"minecraft:oak_planks":2,"minecraft:wall_torch":1,"supplementaries:urn":2,"minecraft:air":1,"minecraft:skeleton_skull":1,"arsmagicalegacy:chimerite_ore":1,"forbidden_arcanus:xpetrified_ore":7,"epicpaladins:deepslate_cryorium_ore":2,"solarcraft:solar_flower":1,"minecraft:stripped_oak_wood":1,"ars_magica_classic:vinteum_ore":17,"minecraft:grass":11,"minecraft:mangrove_slab":1,"minecraft:oak_log":21,"minecraft:coal_ore":30,"minecraft:sand":3,"mysticsbiomes:peach_log":48,"minecraft:cobweb":2,"mysticsbiomes:saguaro_cactus":2,"minecraft:raw_copper_block":1,"epicsamurai:ruby_ore":3,"mysticalagriculture:deepslate_inferium_ore":3,"epicpaladins:arclight_ore":1,"minecraft:infested_stone":1,"minecraft:deepslate":22,"minecraft:fern":1},"minecraft:broken":{"minecraft:iron_pickaxe":1,"minecraft:wooden_axe":1},"minecraft:used":{"minecraft:torch":2,"gamma_beasts:prehnite_pickaxe":183,"minecraft:wooden_axe":73,"minecraft:furnace":1,"minecraft:stone_pickaxe":103,"gamma_beasts:prehnite_sword":4,"minecraft:crafting_table":5,"minecraft:iron_pickaxe":250,"minecraft:stone_axe":53,"minecraft:cobblestone":39}},"DataVersion":3465}