{"stats":{"minecraft:mined":{"alexscaves:spelunkery_table":1,"iceandfire:silver_ore":10,"ancient_elements:lead_ore":17,"minecraft:candle":1,"solarcraft:crystal":1,"duneons:sand":1,"minecraft:grass_block":3,"iceandfire:lectern":1,"minecraft:sandstone":5,"mysticalagriculture:inferium_ore":17,"minecraft:magma_block":7,"minecraft:furnace":1,"minecraft:iron_ore":25,"minecraft:fire":2,"minecraft:barrel":1,"arsmagicalegacy:vinteum_ore":1,"minecraft:andesite":21,"minecraft:pumpkin":1,"evilcraft:dark_ore":2,"chococraft:gysahl_green":5,"iceandfire:podium_oak":1,"minecraft:deepslate_iron_ore":8,"regions_unexplored:medium_grass":1,"minecraft:stone":594,"minecraft:blackstone":7,"minecraft:crafting_table":10,"minecraft:torch":4,"duneons:snowstone":2,"minecraft:chest":8,"minecraft:copper_ore":83,"minecraft:cobblestone":31,"biomeswevegone:apple_fruit":11,"arsmagicalegacy:deepslate_chimerite_ore":8,"minecraft:lapis_ore":7,"minecraft:oak_planks":4,"minecraft:wall_torch":13,"minecraft:deepslate_copper_ore":11,"minecraft:air":13,"minecraft:birch_log":64,"minecraft:smooth_stone_slab":11,"ars_magica_classic:vinteum_ore":20,"minecraft:grass":3,"minecraft:coal_ore":148,"minecraft:gravel":1,"minecraft:sand":137,"minecraft:dirt":8,"mysticalagriculture:deepslate_prosperity_ore":3,"minecraft:cobweb":19,"minecraft:cracked_stone_bricks":7,"minecraft:stone_bricks":15,"minecraft:mossy_stone_bricks":12,"minecraft:deepslate":1,"minecraft:oak_leaves":11},"minecraft:dropped":{"minecraft:birch_planks":64,"minecraft:cobblestone":5,"minecraft:string":1,"minecraft:iron_nugget":1,"minecraft:cobbled_deepslate":1,"minecraft:rotten_flesh":1},"minecraft:killed":{"minecraft:cow":8},"minecraft:broken":{"minecraft:wooden_pickaxe":1,"minecraft:stone_pickaxe":7,"minecraft:wooden_axe":1},"minecraft:custom":{"minecraft:mob_kills":8,"minecraft:animals_bred":8,"minecraft:interact_with_crafting_table":40,"minecraft:open_barrel":1,"goblintraders:trade_with_goblin":46,"minecraft:leave_game":2,"minecraft:time_since_death":226824,"minecraft:climb_one_cm":33545,"minecraft:sprint_one_cm":239490,"minecraft:walk_one_cm":497645,"minecraft:drop":7,"minecraft:talked_to_villager":3,"minecraft:play_time":226824,"minecraft:sneak_time":1008,"minecraft:walk_under_water_one_cm":3721,"minecraft:jump":1103,"minecraft:walk_on_water_one_cm":11227,"minecraft:total_world_time":226824,"minecraft:interact_with_furnace":72,"minecraft:traded_with_villager":6,"minecraft:interact_with_loom":7,"minecraft:time_since_rest":226824,"minecraft:damage_taken":1130,"minecraft:damage_dealt":1048,"minecraft:swim_one_cm":5976,"minecraft:fly_one_cm":102318,"minecraft:open_chest":168,"minecraft:crouch_one_cm":3507,"minecraft:fall_one_cm":21172},"minecraft:used":{"iceandfire:lectern":1,"ironchest:wood_to_iron_chest_upgrade":2,"iceandfire:podium_oak":1,"minecraft:stone_sword":25,"toughasnails:water_purifier":1,"minecraft:stone_shovel":116,"minecraft:ladder":7,"minecraft:chest":10,"minecraft:torch":118,"toughasnails:empty_canteen":1,"minecraft:birch_door":2,"minecraft:wooden_axe":67,"iceandfire:copper_pickaxe":57,"minecraft:stone_bricks":6,"alexscaves:spelunkery_table":1,"minecraft:furnace":3,"minecraft:mossy_stone_bricks":3,"minecraft:water_bucket":6,"minecraft:cow_spawn_egg":9,"minecraft:stone_pickaxe":1017,"minecraft:wooden_pickaxe":61,"minecraft:cracked_stone_bricks":6,"minecraft:crafting_table":13,"duneons:snowcobblestone":1,"minecraft:shears":11,"minecraft:birch_fence":2,"minecraft:apple":6,"minecraft:birch_fence_gate":2,"minecraft:birch_slab":3,"minecraft:stone_axe":68,"minecraft:cobblestone":226,"minecraft:andesite":6,"toughasnails:purified_water_canteen":5,"minecraft:bucket":5,"minecraft:smooth_stone_slab":5},"minecraft:picked_up":{"minecraft:crafting_table":10,"chococraft:loverly_gysahl_green":1,"arsmagicalegacy:vinteum_dust":1,"alexscaves:cave_tablet":2,"minecraft:string":17,"iceandfire:podium_oak":1,"minecraft:raw_copper":320,"minecraft:smooth_stone_slab":11,"minecraft:blackstone":7,"minecraft:cracked_stone_bricks":7,"mysticalagriculture:inferium_essence":50,"minecraft:candle":4,"minecraft:cobbled_deepslate":1,"minecraft:beef":19,"minecraft:chest":3,"minecraft:birch_sapling":5,"minecraft:furnace":1,"minecraft:stick":2,"minecraft:raw_iron":33,"minecraft:sandstone":5,"minecraft:torch":18,"mysticalagriculture:prosperity_shard":7,"hexerei:sage_seed":5,"minecraft:rotten_flesh":1,"alexscaves:spelunkery_table":1,"gamma_beasts:coal_nugget":41,"arsmagicalegacy:chimerite":8,"minecraft:cobblestone":573,"minecraft:birch_log":76,"minecraft:magma_block":6,"minecraft:mud_bricks":1,"ars_magica_classic:vinteum_ore":20,"minecraft:andesite":17,"minecraft:leather":9,"duneons:snowcobblestone":1,"ancient_elements:raw_lead":17,"minecraft:lapis_lazuli":44,"minecraft:paper":1,"minecraft:dirt":1,"chococraft:gysahl_green":12,"minecraft:apple":9,"minecraft:stone_bricks":15,"minecraft:wheat_seeds":2,"minecraft:mossy_stone_bricks":11,"minecraft:oak_planks":4,"hexerei:animal_fat":3,"toughasnails:purified_water_canteen":1,"minecraft:pumpkin":1,"minecraft:gravel":1,"minecraft:sand":134,"chococraft:gysahl_green_seeds":4,"minecraft:barrel":1,"hexerei:witch_hazel_altar":1,"iceandfire:lectern":1,"evilcraft:dark_gem":4,"minecraft:coal":155,"minecraft:oak_leaves":11,"iceandfire:raw_silver":10},"minecraft:crafted":{"delightful:cantaloupe_slice":16,"minecraft:stone_shovel":1,"minecraft:birch_slab":6,"minecraft:furnace":2,"iceandfire:armor_copper_metal_leggings":1,"iceandfire:armor_copper_metal_boots":1,"iceandfire:armor_copper_metal_helmet":1,"minecraft:glass":6,"minecraft:iron_axe":1,"minecraft:ladder":9,"minecraft:birch_fence_gate":2,"minecraft:stone_pickaxe":9,"iceandfire:armor_copper_metal_chestplate":1,"minecraft:chest":8,"minecraft:birch_door":3,"iceandfire:copper_pickaxe":1,"sophisticatedbackpacks:iron_backpack":1,"minecraft:cooked_beef":11,"ironchest:wood_to_iron_chest_upgrade":2,"sophisticatedbackpacks:backpack":1,"iceandfire:silver_ingot":8,"minecraft:crafting_table":3,"toughasnails:leaf_chestplate":1,"minecraft:wooden_pickaxe":1,"minecraft:iron_sword":1,"minecraft:copper_ingot":304,"minecraft:pumpkin_seeds":4,"minecraft:birch_planks":248,"minecraft:stone_axe":1,"minecraft:air":0,"ars_magica_classic:vinteum_dust":20,"minecraft:charcoal":14,"toughasnails:water_purifier":1,"ancient_elements:lead_ingot":17,"minecraft:birch_fence":6,"minecraft:stick":108,"minecraft:iron_ingot":49,"minecraft:iron_pickaxe":1,"minecraft:wooden_axe":1,"minecraft:stone_sword":1,"minecraft:gold_ingot":4,"minecraft:torch":144,"minecraft:shears":1,"toughasnails:empty_canteen":1}},"DataVersion":3465}