{"stats":{"minecraft:broken":{"minecraft:wooden_axe":1},"minecraft:custom":{"minecraft:interact_with_furnace":4,"minecraft:interact_with_crafting_table":11,"minecraft:leave_game":2,"minecraft:time_since_death":47313,"minecraft:climb_one_cm":3137,"minecraft:time_since_rest":47313,"minecraft:sprint_one_cm":113970,"minecraft:damage_taken":260,"minecraft:walk_one_cm":98980,"minecraft:trigger_trapped_chest":1,"minecraft:drop":3,"minecraft:swim_one_cm":1355,"minecraft:fly_one_cm":84743,"minecraft:play_time":47313,"minecraft:crouch_one_cm":708,"minecraft:sneak_time":459,"minecraft:walk_under_water_one_cm":254,"minecraft:jump":516,"minecraft:walk_on_water_one_cm":2497,"minecraft:total_world_time":47313,"minecraft:fall_one_cm":7931},"minecraft:used":{"minecraft:stone_pickaxe":98,"minecraft:crafting_table":3,"minecraft:wooden_axe":73,"minecraft:iron_pickaxe":234,"minecraft:stone_axe":48,"minecraft:cobblestone":11,"minecraft:furnace":1},"minecraft:crafted":{"minecraft:oak_planks":4,"mysticsbiomes:peach_planks":24,"minecraft:crafting_table":2,"minecraft:furnace":1,"minecraft:stone_axe":1,"minecraft:air":0,"minecraft:stick":4,"minecraft:iron_ingot":4,"minecraft:iron_pickaxe":1,"minecraft:stone_pickaxe":1,"minecraft:wooden_axe":1,"minecraft:torch":16},"minecraft:dropped":{"biomesoplenty:dried_salt":4,"minecraft:oak_planks":5,"regions_unexplored:hibiscus":2},"minecraft:picked_up":{"regions_unexplored:hibiscus":2,"minecraft:crafting_table":2,"arsmagicalegacy:vinteum_dust":20,"biomesoplenty:dried_salt":30,"ars_magica_classic:vinteum_ore":17,"gamma_beasts:prehnite":19,"mysticsbiomes:peach_log":46,"minecraft:oak_log":20,"ars_magica_classic:desert_nova":7,"solarcraft:energy_dust":5,"minecraft:raw_copper":52,"ars_magica_classic:blue_orchid":1,"minecraft:item_frame":4,"chococraft:gysahl_green":10,"minecraft:apple":1,"minecraft:wheat_seeds":2,"mysticalagriculture:inferium_essence":43,"mysticsbiomes:saguaro_cactus":8,"delightful:acorn":1,"minecraft:stripped_oak_wood":1,"arsmagicalegacy:moonstone":3,"delightful:green_tea_leaf":1,"minecraft:oak_planks":6,"minecraft:book":21,"minecraft:stick":21,"minecraft:raw_iron":11,"apotheosis:gem":4,"epicpaladins:arclight_gem":1,"minecraft:sand":3,"ancient_elements:raw_tin":31,"chococraft:gysahl_green_seeds":2,"hexerei:sage_seed":1,"minecraft:oak_wood":21,"eidolon:raw_lead":6,"evilcraft:dark_gem":8,"gamma_beasts:coal_nugget":9,"mysticsbiomes:peach_sapling":12,"minecraft:oak_sapling":11,"minecraft:coal":24,"iceandfire:raw_silver":10,"minecraft:cobblestone":118},"minecraft:mined":{"iceandfire:silver_ore":10,"ancient_elements:lead_ore":1,"ars_magica_classic:desert_nova":8,"mysticsbiomes:peach_leaves":7,"ars_magica_classic:blue_orchid":1,"minecraft:crafting_table":2,"minecraft:oak_wood":21,"minecraft:copper_ore":16,"biomesoplenty:dried_salt":28,"minecraft:oak_planks":2,"mysticalagriculture:inferium_ore":14,"minecraft:air":1,"minecraft:iron_ore":11,"solarcraft:solar_flower":1,"gamma_beasts:prehnite_ore":19,"arsmagicalegacy:vinteum_ore":20,"arsmagicalegacy:moonstone_ore":4,"minecraft:stripped_oak_wood":1,"ancient_elements:tin_ore":31,"evilcraft:dark_ore":2,"ars_magica_classic:vinteum_ore":17,"minecraft:grass":4,"chococraft:gysahl_green":4,"minecraft:bookshelf":7,"minecraft:oak_log":21,"minecraft:coal_ore":27,"minecraft:sand":3,"mysticsbiomes:peach_log":48,"mysticsbiomes:saguaro_cactus":2,"minecraft:stone":120,"epicpaladins:arclight_ore":1,"minecraft:infested_stone":1,"minecraft:fern":1,"eidolon:lead_ore":6}},"DataVersion":3465}