{"stats":{"minecraft:used":{"ironchest:wood_to_iron_chest_upgrade":2,"minecraft:mossy_stone_bricks":3,"minecraft:stone_sword":23,"minecraft:stone_shovel":116,"minecraft:stone_pickaxe":803,"minecraft:ladder":7,"minecraft:chest":9,"minecraft:wooden_pickaxe":61,"minecraft:cracked_stone_bricks":6,"minecraft:torch":97,"minecraft:crafting_table":10,"minecraft:shears":11,"minecraft:birch_door":2,"minecraft:wooden_axe":67,"minecraft:apple":4,"minecraft:birch_slab":3,"minecraft:stone_bricks":6,"iceandfire:copper_pickaxe":39,"minecraft:stone_axe":44,"minecraft:cobblestone":210,"minecraft:furnace":3,"minecraft:smooth_stone_slab":5},"minecraft:picked_up":{"minecraft:birch_log":76,"chococraft:loverly_gysahl_green":1,"minecraft:crafting_table":8,"arsmagicalegacy:vinteum_dust":1,"ars_magica_classic:vinteum_ore":20,"minecraft:andesite":11,"ancient_elements:raw_lead":17,"minecraft:lapis_lazuli":31,"minecraft:dirt":1,"minecraft:string":16,"iceandfire:podium_oak":1,"minecraft:raw_copper":257,"minecraft:smooth_stone_slab":11,"chococraft:gysahl_green":12,"minecraft:apple":9,"minecraft:stone_bricks":12,"minecraft:cracked_stone_bricks":7,"minecraft:wheat_seeds":2,"mysticalagriculture:inferium_essence":49,"minecraft:mossy_stone_bricks":8,"minecraft:oak_planks":4,"minecraft:chest":3,"minecraft:birch_sapling":5,"minecraft:furnace":1,"minecraft:stick":2,"minecraft:raw_iron":17,"minecraft:sandstone":5,"minecraft:pumpkin":1,"minecraft:torch":14,"minecraft:gravel":1,"minecraft:sand":134,"chococraft:gysahl_green_seeds":4,"hexerei:sage_seed":4,"iceandfire:lectern":1,"evilcraft:dark_gem":4,"gamma_beasts:coal_nugget":23,"minecraft:coal":100,"minecraft:oak_leaves":11,"iceandfire:raw_silver":8,"minecraft:cobblestone":482},"minecraft:dropped":{"minecraft:birch_planks":64,"minecraft:iron_nugget":1,"minecraft:cobblestone":5},"minecraft:broken":{"minecraft:stone_pickaxe":6,"minecraft:wooden_axe":1,"minecraft:wooden_pickaxe":1},"minecraft:mined":{"iceandfire:silver_ore":8,"ancient_elements:lead_ore":17,"solarcraft:crystal":1,"duneons:sand":1,"minecraft:crafting_table":8,"minecraft:torch":3,"minecraft:grass_block":3,"minecraft:chest":8,"iceandfire:lectern":1,"minecraft:copper_ore":74,"minecraft:cobblestone":31,"biomeswevegone:apple_fruit":11,"minecraft:lapis_ore":5,"minecraft:oak_planks":4,"minecraft:sandstone":5,"mysticalagriculture:inferium_ore":17,"minecraft:wall_torch":11,"minecraft:air":13,"minecraft:furnace":1,"minecraft:birch_log":64,"minecraft:iron_ore":17,"arsmagicalegacy:vinteum_ore":1,"minecraft:andesite":14,"iceandfire:podium_oak":1,"minecraft:pumpkin":1,"chococraft:gysahl_green":5,"evilcraft:dark_ore":2,"ars_magica_classic:vinteum_ore":20,"minecraft:smooth_stone_slab":11,"minecraft:grass":3,"minecraft:coal_ore":93,"minecraft:sand":137,"minecraft:gravel":1,"minecraft:dirt":8,"minecraft:cobweb":18,"regions_unexplored:medium_grass":1,"minecraft:cracked_stone_bricks":7,"minecraft:stone":503,"minecraft:stone_bricks":12,"minecraft:mossy_stone_bricks":9,"minecraft:oak_leaves":11},"minecraft:crafted":{"delightful:cantaloupe_slice":16,"ironchest:wood_to_iron_chest_upgrade":2,"minecraft:stone_shovel":1,"iceandfire:silver_ingot":8,"minecraft:crafting_table":3,"minecraft:wooden_pickaxe":1,"minecraft:iron_sword":1,"minecraft:birch_slab":6,"minecraft:furnace":2,"iceandfire:armor_copper_metal_leggings":1,"minecraft:copper_ingot":244,"minecraft:pumpkin_seeds":4,"minecraft:birch_planks":248,"minecraft:stone_axe":1,"iceandfire:armor_copper_metal_boots":1,"minecraft:air":0,"iceandfire:armor_copper_metal_helmet":1,"ars_magica_classic:vinteum_dust":20,"minecraft:birch_fence_gate":2,"ancient_elements:lead_ingot":17,"minecraft:iron_axe":1,"minecraft:ladder":9,"minecraft:birch_fence":6,"minecraft:stick":108,"iceandfire:armor_copper_metal_chestplate":1,"minecraft:iron_ingot":17,"minecraft:stone_pickaxe":6,"minecraft:wooden_axe":1,"minecraft:stone_sword":1,"minecraft:chest":7,"minecraft:gold_ingot":4,"minecraft:birch_door":3,"iceandfire:copper_pickaxe":1,"minecraft:torch":100,"minecraft:shears":1},"minecraft:custom":{"minecraft:interact_with_furnace":56,"minecraft:traded_with_villager":6,"minecraft:interact_with_crafting_table":30,"minecraft:interact_with_loom":1,"minecraft:leave_game":1,"minecraft:time_since_death":165625,"minecraft:climb_one_cm":28953,"minecraft:time_since_rest":165625,"minecraft:sprint_one_cm":206192,"minecraft:damage_taken":1020,"minecraft:walk_one_cm":363123,"minecraft:drop":4,"minecraft:talked_to_villager":2,"minecraft:swim_one_cm":5976,"minecraft:fly_one_cm":94927,"minecraft:open_chest":115,"minecraft:crouch_one_cm":1109,"minecraft:play_time":165625,"minecraft:sneak_time":524,"minecraft:walk_under_water_one_cm":2473,"minecraft:jump":969,"minecraft:walk_on_water_one_cm":4344,"minecraft:total_world_time":165625,"minecraft:fall_one_cm":19223}},"DataVersion":3465}