{"stats":{"minecraft:killed_by":{"minecraft:player":1,"grimoireofgaia:flesh_lich":1,"grimoireofgaia:mimic":1},"minecraft:broken":{"minecraft:wooden_pickaxe":1,"minecraft:stone_pickaxe":8,"minecraft:wooden_axe":1},"minecraft:crafted":{"epicpaladins:arclight_sword":2,"delightful:cantaloupe_slice":16,"minecraft:stone_shovel":1,"minecraft:birch_slab":6,"minecraft:furnace":2,"iceandfire:armor_copper_metal_leggings":2,"epicpaladins:arclight_pickaxe":2,"iceandfire:armor_copper_metal_helmet":2,"iceandfire:armor_copper_metal_boots":2,"minecraft:glass":6,"minecraft:iron_axe":1,"minecraft:ladder":9,"minecraft:birch_fence_gate":2,"iceandfire:armor_copper_metal_chestplate":2,"minecraft:stone_pickaxe":9,"minecraft:chest":8,"minecraft:birch_door":3,"iceandfire:copper_pickaxe":1,"eidolon:silver_ingot":2,"sophisticatedbackpacks:iron_backpack":1,"minecraft:cooked_beef":11,"ironchest:wood_to_iron_chest_upgrade":3,"sophisticatedbackpacks:backpack":1,"iceandfire:silver_ingot":8,"minecraft:crafting_table":4,"toughasnails:leaf_chestplate":1,"minecraft:wooden_pickaxe":1,"minecraft:iron_sword":1,"minecraft:clock":1,"minecraft:copper_ingot":351,"sophisticatedbackpacks:gold_backpack":1,"minecraft:birch_planks":248,"minecraft:pumpkin_seeds":4,"minecraft:stone_axe":1,"minecraft:air":0,"ars_magica_classic:vinteum_dust":35,"minecraft:charcoal":14,"toughasnails:water_purifier":1,"ancient_elements:lead_ingot":17,"minecraft:birch_fence":6,"minecraft:stick":116,"minecraft:iron_ingot":86,"minecraft:iron_pickaxe":1,"minecraft:wooden_axe":1,"minecraft:stone_sword":1,"sereneseasons:calendar":1,"minecraft:gold_ingot":16,"minecraft:acacia_planks":32,"minecraft:torch":188,"minecraft:shears":1,"toughasnails:empty_canteen":1},"minecraft:picked_up":{"mokels_rpg_two:tinydragon_feather":1,"chococraft:loverly_gysahl_green":1,"minecraft:crafting_table":11,"arsmagicalegacy:vinteum_dust":7,"alexscaves:cave_tablet":2,"occultism:raw_silver":18,"minecraft:enchanted_book":1,"forbidden_arcanus:xpetrified_orb":6,"minecraft:string":19,"iceandfire:podium_oak":1,"minecraft:raw_copper":327,"minecraft:smooth_stone_slab":11,"epicsamurai:jade":6,"epicpaladins:bloodstone_gem":3,"minecraft:blackstone":89,"minecraft:cracked_stone_bricks":7,"biomeswevegone:baobab_fruit":6,"minecraft:candle":4,"mysticalagriculture:inferium_essence":85,"minecraft:gold_nugget":1,"minecraft:cobbled_deepslate":57,"minecraft:beef":26,"minecraft:iron_nugget":2,"ancient_elements:raw_steel":17,"minecraft:chest":3,"minecraft:birch_sapling":5,"minecraft:furnace":1,"solarcraft:solar_lexicon":1,"minecraft:tipped_arrow":1,"minecraft:stick":4,"minecraft:raw_iron":74,"minecraft:sandstone":5,"apotheosis:gem":2,"epicpaladins:arclight_gem":19,"minecraft:torch":25,"mysticalagriculture:prosperity_shard":69,"minecraft:acacia_log":16,"ancient_elements:raw_tin":2,"tombstone:grave_dust":1,"minecraft:redstone":136,"hexerei:sage_seed":5,"minecraft:rotten_flesh":7,"epicpaladins:cryorium_gem":1,"alexscaves:spelunkery_table":1,"ars_magica_classic:deepslate_vinteum_ore":5,"gamma_beasts:coal_nugget":41,"arsmagicalegacy:chimerite":19,"supplementaries:ash":5,"minecraft:rail":3,"minecraft:cobblestone":634,"minecraft:birch_log":76,"minecraft:magma_block":13,"minecraft:leather_chestplate":1,"minecraft:mud_bricks":1,"eidolon:raw_silver":1,"ars_magica_classic:vinteum_ore":26,"minecraft:andesite":17,"minecraft:leather":9,"alexsmobs:acacia_blossom":2,"gamma_beasts:prehnite":7,"duneons:snowcobblestone":1,"minecraft:birch_planks":46,"ancient_elements:raw_lead":24,"alexscaves:cave_book":1,"supplementaries:flax_seeds":1,"minecraft:paper":9,"minecraft:lapis_lazuli":159,"minecraft:dirt":1,"minecraft:bone":1,"chococraft:gysahl_green":12,"minecraft:apple":9,"minecraft:stone_bricks":16,"minecraft:wheat_seeds":3,"minecraft:raw_gold":6,"minecraft:mossy_stone_bricks":11,"epicsamurai:aquamarine":11,"minecraft:iron_sword":1,"epicsamurai:raw_silver":6,"minecraft:oak_planks":5,"minecraft:acacia_sapling":3,"hexerei:animal_fat":4,"toughasnails:purified_water_canteen":2,"scalinghealth:heart_crystal_shard":6,"minecraft:smooth_basalt":28,"irons_spellbooks:frozen_bone":3,"minecraft:pumpkin":1,"minecraft:gravel":1,"minecraft:sand":134,"chococraft:gysahl_green_seeds":4,"minecraft:barrel":1,"hexerei:witch_hazel_altar":1,"forbidden_arcanus:arcane_crystal":7,"eidolon:raw_lead":7,"tetra:geode":2,"minecraft:diamond":4,"iceandfire:lectern":1,"evilcraft:dark_gem":25,"knightsnmages:moonlight_gem":11,"epicsamurai:ruby":4,"minecraft:coal":155,"minecraft:oak_leaves":11,"iceandfire:raw_silver":11},"minecraft:killed":{"minecraft:spider":2,"duneons:wraith":1,"minecraft:skeleton":1,"grimoireofgaia:mimic":2,"minecraft:silverfish":1,"grimoireofgaia:flesh_lich":1,"grimoireofgaia:bone_knight":1,"minecraft:zombie":4,"minecraft:cow":11},"minecraft:dropped":{"minecraft:birch_planks":64,"iceandfire:armor_copper_metal_chestplate":1,"minecraft:cobblestone":5,"minecraft:copper_ingot":10,"minecraft:acacia_log":8,"minecraft:torch":23,"iceandfire:armor_copper_metal_boots":1,"toughasnails:purified_water_canteen":2,"minecraft:string":1,"epicpaladins:arclight_sword":1,"minecraft:stone_axe":1,"minecraft:iron_nugget":1,"minecraft:cobbled_deepslate":1,"minecraft:rotten_flesh":1,"iceandfire:armor_copper_metal_helmet":1,"supplementaries:ash":5,"epicpaladins:arclight_pickaxe":1,"iceandfire:armor_copper_metal_leggings":1},"minecraft:mined":{"minecraft:infested_deepslate":1,"alexscaves:spelunkery_table":1,"eidolon:deep_silver_ore":1,"minecraft:tuff":1,"iceandfire:silver_ore":10,"ancient_elements:lead_ore":24,"epicsamurai:deepslate_onyx_ore":2,"minecraft:deepslate_diamond_ore":4,"minecraft:candle":1,"tetra:block_geode":2,"solarcraft:crystal":1,"duneons:sand":1,"epicsamurai:deepslate_ruby_ore":5,"minecraft:acacia_log":14,"minecraft:grass_block":3,"iceandfire:deepslate_silver_ore":1,"iceandfire:lectern":1,"occultism:silver_ore_deepslate":17,"minecraft:sandstone":5,"mysticalagriculture:inferium_ore":17,"minecraft:redstone_ore":7,"epicpaladins:deepslate_arclight_ore":19,"forbidden_arcanus:arcane_crystal_ore":3,"epicsamurai:deepslate_jade_ore":6,"minecraft:magma_block":15,"forbidden_arcanus:deepslate_arcane_crystal_ore":4,"minecraft:furnace":1,"minecraft:iron_ore":49,"minecraft:barrel":1,"minecraft:fire":2,"minecraft:andesite":21,"arsmagicalegacy:vinteum_ore":1,"ancient_elements:tin_ore":2,"minecraft:pumpkin":1,"evilcraft:dark_ore":2,"minecraft:deepslate_lapis_ore":17,"biomeswevegone:baobab_fruit":8,"arsmagicalegacy:deepslate_vinteum_ore":6,"iceandfire:podium_oak":1,"chococraft:gysahl_green":5,"minecraft:deepslate_iron_ore":24,"minecraft:rail":1,"epicsamurai:deepslate_silver_ore":7,"knightsnmages:deepslate_moonlight_ore":11,"regions_unexplored:medium_grass":1,"minecraft:stone":650,"ancient_elements:steel_ore":17,"minecraft:deepslate_redstone_ore":26,"epicpaladins:deepslate_bloodstone_ore":3,"minecraft:blackstone":103,"ars_magica_classic:deepslate_vinteum_ore":5,"scalinghealth:deepslate_heart_crystal_ore":6,"minecraft:crafting_table":11,"minecraft:torch":8,"duneons:snowstone":2,"minecraft:chest":8,"minecraft:copper_ore":83,"biomeswevegone:apple_fruit":11,"minecraft:cobblestone":38,"minecraft:deepslate_gold_ore":2,"arsmagicalegacy:deepslate_chimerite_ore":16,"minecraft:lapis_ore":7,"forbidden_arcanus:petrified_root":1,"minecraft:oak_planks":4,"minecraft:wall_torch":15,"supplementaries:urn":2,"minecraft:deepslate_copper_ore":13,"minecraft:air":15,"gamma_beasts:deepslate_prehnite_ore":7,"arsmagicalegacy:chimerite_ore":3,"forbidden_arcanus:xpetrified_ore":6,"epicsamurai:aquamarine_ore":11,"evilcraft:dark_ore_deepslate":6,"minecraft:birch_log":64,"eidolon:deep_lead_ore":7,"epicpaladins:deepslate_cryorium_ore":1,"minecraft:smooth_stone_slab":11,"ars_magica_classic:vinteum_ore":26,"minecraft:grass":4,"minecraft:coal_ore":148,"minecraft:gravel":1,"minecraft:sand":137,"minecraft:dirt":8,"minecraft:cobweb":19,"minecraft:smooth_basalt":30,"mysticalagriculture:deepslate_prosperity_ore":27,"minecraft:cracked_stone_bricks":7,"minecraft:stone_bricks":17,"minecraft:gold_ore":4,"minecraft:mossy_stone_bricks":13,"minecraft:deepslate":57,"minecraft:oak_leaves":11,"mysticalagriculture:deepslate_inferium_ore":11},"minecraft:custom":{"minecraft:mob_kills":24,"minecraft:animals_bred":12,"minecraft:interact_with_crafting_table":59,"minecraft:open_barrel":1,"goblintraders:trade_with_goblin":46,"minecraft:damage_dealt_resisted":0,"minecraft:leave_game":6,"minecraft:time_since_death":54583,"minecraft:climb_one_cm":39542,"minecraft:sprint_one_cm":313291,"minecraft:walk_one_cm":817244,"minecraft:drop":29,"minecraft:talked_to_villager":3,"minecraft:play_time":327679,"minecraft:deaths":3,"minecraft:sneak_time":1395,"minecraft:walk_under_water_one_cm":4100,"minecraft:jump":1832,"minecraft:walk_on_water_one_cm":15457,"minecraft:total_world_time":327679,"minecraft:interact_with_furnace":96,"minecraft:traded_with_villager":6,"minecraft:interact_with_loom":7,"minecraft:time_since_rest":54258,"minecraft:damage_taken":3346,"minecraft:damage_dealt":7046,"minecraft:swim_one_cm":5976,"minecraft:open_chest":263,"minecraft:fly_one_cm":155532,"minecraft:crouch_one_cm":4074,"tombstone:undead_killed":7,"minecraft:fall_one_cm":34596},"minecraft:used":{"iceandfire:lectern":1,"ironchest:wood_to_iron_chest_upgrade":3,"iceandfire:podium_oak":1,"minecraft:stone_sword":66,"toughasnails:water_purifier":1,"minecraft:stone_shovel":116,"minecraft:ladder":7,"minecraft:chest":10,"minecraft:torch":136,"toughasnails:empty_canteen":1,"epicpaladins:arclight_sword":150,"minecraft:wooden_axe":67,"minecraft:birch_door":2,"minecraft:stone_bricks":7,"iceandfire:copper_pickaxe":153,"alexscaves:spelunkery_table":1,"minecraft:furnace":3,"tombstone:gift":2,"minecraft:cooked_beef":7,"minecraft:water_bucket":13,"minecraft:mossy_stone_bricks":3,"minecraft:cow_spawn_egg":9,"minecraft:stone_pickaxe":1083,"minecraft:wooden_pickaxe":61,"minecraft:cracked_stone_bricks":6,"minecraft:crafting_table":14,"alexscaves:cave_book":2,"duneons:snowcobblestone":1,"minecraft:shears":11,"minecraft:birch_fence":2,"epicpaladins:arclight_pickaxe":438,"minecraft:apple":6,"minecraft:birch_fence_gate":2,"minecraft:birch_slab":3,"minecraft:stone_axe":86,"minecraft:cobblestone":260,"minecraft:andesite":6,"minecraft:bucket":12,"toughasnails:purified_water_canteen":13,"minecraft:smooth_stone_slab":5}},"DataVersion":3465}