{"stats":{"minecraft:used":{"minecraft:wooden_axe":64,"minecraft:stone_pickaxe":316,"minecraft:chest":1,"minecraft:wooden_pickaxe":61,"iceandfire:copper_pickaxe":16,"minecraft:cobblestone":2,"minecraft:crafting_table":5,"minecraft:furnace":1},"minecraft:picked_up":{"minecraft:birch_log":51,"minecraft:crafting_table":4,"minecraft:gravel":1,"ancient_elements:raw_lead":4,"minecraft:lapis_lazuli":31,"minecraft:raw_copper":18,"hexerei:sage_seed":1,"mysticalagriculture:inferium_essence":23,"gamma_beasts:coal_nugget":8,"minecraft:chest":2,"minecraft:birch_sapling":5,"minecraft:coal":49,"minecraft:furnace":1,"minecraft:cobblestone":326},"minecraft:dropped":{"minecraft:birch_planks":64,"minecraft:iron_nugget":1},"minecraft:broken":{"minecraft:stone_pickaxe":2,"minecraft:wooden_pickaxe":1},"minecraft:mined":{"minecraft:furnace":1,"ancient_elements:lead_ore":4,"minecraft:birch_log":45,"minecraft:crafting_table":4,"minecraft:grass":1,"minecraft:coal_ore":41,"minecraft:chest":2,"minecraft:gravel":1,"minecraft:cobblestone":8,"minecraft:copper_ore":4,"regions_unexplored:medium_grass":1,"minecraft:lapis_ore":5,"minecraft:stone":316,"mysticalagriculture:inferium_ore":8,"minecraft:air":9},"minecraft:crafted":{"minecraft:crafting_table":2,"minecraft:stick":20,"minecraft:wooden_pickaxe":1,"minecraft:stone_pickaxe":3,"minecraft:wooden_axe":1,"minecraft:furnace":1,"minecraft:copper_ingot":18,"iceandfire:copper_pickaxe":1,"minecraft:birch_planks":204,"minecraft:torch":8,"minecraft:air":0},"minecraft:custom":{"minecraft:time_since_rest":33625,"minecraft:interact_with_furnace":4,"minecraft:sprint_one_cm":55828,"minecraft:damage_taken":670,"minecraft:walk_one_cm":48458,"minecraft:drop":2,"minecraft:swim_one_cm":4572,"minecraft:interact_with_crafting_table":5,"minecraft:fly_one_cm":27077,"minecraft:open_chest":4,"minecraft:play_time":33625,"minecraft:sneak_time":24,"minecraft:walk_under_water_one_cm":1853,"minecraft:jump":334,"minecraft:leave_game":1,"minecraft:time_since_death":33625,"minecraft:walk_on_water_one_cm":1956,"minecraft:total_world_time":33625,"minecraft:fall_one_cm":6007}},"DataVersion":3465}