{"stats":{"minecraft:broken":{"minecraft:iron_pickaxe":1,"minecraft:wooden_axe":1},"minecraft:custom":{"minecraft:interact_with_furnace":13,"minecraft:interact_with_crafting_table":22,"minecraft:open_barrel":5,"minecraft:leave_game":2,"minecraft:time_since_death":71313,"minecraft:climb_one_cm":3137,"minecraft:time_since_rest":71313,"minecraft:sprint_one_cm":130732,"minecraft:damage_taken":260,"minecraft:walk_one_cm":166491,"minecraft:trigger_trapped_chest":1,"minecraft:drop":11,"minecraft:swim_one_cm":1355,"minecraft:fly_one_cm":88533,"minecraft:open_chest":8,"minecraft:play_time":71313,"minecraft:crouch_one_cm":936,"minecraft:sneak_time":722,"minecraft:walk_under_water_one_cm":1254,"minecraft:jump":660,"minecraft:walk_on_water_one_cm":8057,"minecraft:total_world_time":71313,"minecraft:fall_one_cm":9456},"minecraft:used":{"minecraft:stone_pickaxe":103,"gamma_beasts:prehnite_sword":2,"minecraft:crafting_table":5,"gamma_beasts:prehnite_pickaxe":120,"minecraft:wooden_axe":73,"minecraft:iron_pickaxe":250,"minecraft:stone_axe":53,"minecraft:cobblestone":15,"minecraft:furnace":1},"minecraft:crafted":{"minecraft:oak_planks":4,"mysticsbiomes:peach_planks":24,"minecraft:crafting_table":2,"minecraft:furnace":1,"sophisticatedbackpacks:gold_backpack":1,"minecraft:stone_axe":1,"minecraft:air":0,"gamma_beasts:prehnite_sword":1,"minecraft:stick":4,"minecraft:iron_ingot":20,"minecraft:gold_ingot":9,"minecraft:iron_pickaxe":1,"minecraft:stone_pickaxe":1,"minecraft:wooden_axe":1,"minecraft:torch":16,"gamma_beasts:prehnite_pickaxe":2,"sophisticatedbackpacks:iron_backpack":1},"minecraft:dropped":{"minecraft:iron_ingot":8,"biomesoplenty:dried_salt":4,"minecraft:wheat_seeds":1,"minecraft:cobbled_deepslate":6,"minecraft:oak_planks":5,"sophisticatedbackpacks:backpack":1,"gamma_beasts:prehnite_pickaxe":1,"supplementaries:flax_seeds":1,"regions_unexplored:hibiscus":2,"sophisticatedbackpacks:copper_backpack":1},"minecraft:picked_up":{"regions_unexplored:hibiscus":2,"minecraft:mud_brick_slab":2,"minecraft:crafting_table":5,"minecraft:glow_ink_sac":2,"arsmagicalegacy:vinteum_dust":20,"biomesoplenty:dried_salt":30,"ars_magica_classic:vinteum_ore":17,"gamma_beasts:prehnite":19,"mysticsbiomes:peach_log":46,"minecraft:tuff":1,"minecraft:oak_log":20,"supplementaries:flax_seeds":2,"ars_magica_classic:desert_nova":7,"forbidden_arcanus:xpetrified_orb":7,"minecraft:string":2,"solarcraft:energy_dust":5,"minecraft:raw_copper":52,"ars_magica_classic:blue_orchid":1,"epicsamurai:jade":7,"minecraft:item_frame":4,"chococraft:gysahl_green":10,"minecraft:apple":1,"knightsnmages:scarlet_gem":4,"minecraft:wheat_seeds":3,"mysticalagriculture:inferium_essence":54,"minecraft:cobbled_deepslate":10,"minecraft:raw_gold":2,"mysticsbiomes:saguaro_cactus":8,"delightful:acorn":1,"minecraft:stripped_oak_wood":1,"arsmagicalegacy:moonstone":3,"delightful:green_tea_leaf":1,"minecraft:oak_planks":6,"minecraft:raw_copper_block":1,"minecraft:furnace":1,"minecraft:book":21,"minecraft:stick":22,"minecraft:raw_iron":28,"apotheosis:gem":4,"epicpaladins:arclight_gem":1,"mysticalagriculture:prosperity_shard":10,"minecraft:sand":3,"ancient_elements:raw_tin":43,"minecraft:mud_brick_wall":2,"chococraft:gysahl_green_seeds":2,"minecraft:redstone":21,"minecraft:mossy_cobblestone":1,"hexerei:sage_seed":1,"minecraft:oak_wood":21,"eidolon:raw_lead":6,"evilcraft:dark_gem":8,"ars_magica_classic:deepslate_vinteum_ore":5,"gamma_beasts:coal_nugget":10,"arsmagicalegacy:chimerite":5,"sophisticatedbackpacks:copper_backpack":1,"minecraft:rail":1,"mysticsbiomes:peach_sapling":12,"minecraft:oak_sapling":11,"minecraft:coal":25,"iceandfire:raw_silver":10,"minecraft:cobblestone":141},"minecraft:mined":{"minecraft:deepslate_redstone_ore":1,"mysticalagriculture:prosperity_ore":5,"minecraft:mud_brick_slab":2,"minecraft:light_gray_carpet":1,"minecraft:tuff":1,"epicsamurai:jade_ore":4,"iceandfire:silver_ore":10,"minecraft:mossy_cobblestone":1,"ancient_elements:lead_ore":1,"ars_magica_classic:deepslate_vinteum_ore":6,"ars_magica_classic:desert_nova":8,"mysticsbiomes:peach_leaves":7,"ars_magica_classic:blue_orchid":1,"minecraft:crafting_table":5,"knightsnmages:deepslate_scarlet_ore":5,"minecraft:oak_wood":21,"minecraft:decorated_pot":2,"ancient_elements:deepslate_tin_ore":6,"minecraft:copper_ore":16,"biomesoplenty:dried_salt":28,"minecraft:cobblestone":1,"minecraft:deepslate_gold_ore":2,"arsmagicalegacy:deepslate_chimerite_ore":6,"minecraft:mud_brick_wall":2,"minecraft:oak_planks":2,"minecraft:skeleton_skull":1,"mysticalagriculture:inferium_ore":14,"supplementaries:urn":2,"minecraft:air":1,"forbidden_arcanus:arcane_crystal_ore":1,"epicsamurai:deepslate_jade_ore":3,"minecraft:redstone_ore":4,"arsmagicalegacy:chimerite_ore":1,"minecraft:furnace":1,"forbidden_arcanus:xpetrified_ore":7,"minecraft:iron_ore":27,"solarcraft:solar_flower":1,"gamma_beasts:prehnite_ore":19,"arsmagicalegacy:vinteum_ore":20,"arsmagicalegacy:moonstone_ore":4,"minecraft:stripped_oak_wood":1,"ancient_elements:tin_ore":39,"evilcraft:dark_ore":2,"minecraft:mangrove_slab":1,"ars_magica_classic:vinteum_ore":17,"minecraft:grass":4,"chococraft:gysahl_green":4,"minecraft:bookshelf":7,"minecraft:oak_log":21,"minecraft:coal_ore":28,"minecraft:deepslate_iron_ore":4,"minecraft:sand":3,"mysticsbiomes:peach_log":48,"minecraft:cobweb":2,"mysticsbiomes:saguaro_cactus":2,"minecraft:raw_copper_block":1,"minecraft:stone":150,"mysticalagriculture:deepslate_inferium_ore":3,"minecraft:deepslate":13,"epicpaladins:arclight_ore":1,"minecraft:infested_stone":1,"minecraft:fern":1,"eidolon:lead_ore":6}},"DataVersion":3465}