{"stats":{"minecraft:dropped":{"minecraft:birch_planks":64,"minecraft:cobblestone":5,"toughasnails:purified_water_canteen":1,"minecraft:string":1,"minecraft:iron_nugget":1,"minecraft:cobbled_deepslate":1,"minecraft:rotten_flesh":1},"minecraft:crafted":{"delightful:cantaloupe_slice":16,"minecraft:stone_shovel":1,"minecraft:birch_slab":6,"minecraft:furnace":2,"iceandfire:armor_copper_metal_leggings":1,"iceandfire:armor_copper_metal_boots":1,"iceandfire:armor_copper_metal_helmet":1,"minecraft:glass":6,"minecraft:iron_axe":1,"minecraft:ladder":9,"minecraft:birch_fence_gate":2,"iceandfire:armor_copper_metal_chestplate":1,"minecraft:stone_pickaxe":9,"minecraft:chest":8,"minecraft:birch_door":3,"iceandfire:copper_pickaxe":1,"sophisticatedbackpacks:iron_backpack":1,"minecraft:cooked_beef":11,"ironchest:wood_to_iron_chest_upgrade":2,"sophisticatedbackpacks:backpack":1,"iceandfire:silver_ingot":8,"minecraft:crafting_table":3,"toughasnails:leaf_chestplate":1,"minecraft:wooden_pickaxe":1,"minecraft:iron_sword":1,"minecraft:copper_ingot":304,"minecraft:pumpkin_seeds":4,"minecraft:birch_planks":248,"minecraft:stone_axe":1,"minecraft:air":0,"ars_magica_classic:vinteum_dust":20,"minecraft:charcoal":14,"toughasnails:water_purifier":1,"ancient_elements:lead_ingot":17,"minecraft:birch_fence":6,"minecraft:stick":108,"minecraft:iron_ingot":49,"minecraft:iron_pickaxe":1,"minecraft:wooden_axe":1,"minecraft:stone_sword":1,"minecraft:gold_ingot":4,"minecraft:torch":188,"minecraft:shears":1,"toughasnails:empty_canteen":1},"minecraft:used":{"iceandfire:lectern":1,"ironchest:wood_to_iron_chest_upgrade":2,"iceandfire:podium_oak":1,"minecraft:stone_sword":53,"toughasnails:water_purifier":1,"minecraft:stone_shovel":116,"minecraft:ladder":7,"minecraft:chest":10,"minecraft:torch":124,"toughasnails:empty_canteen":1,"minecraft:birch_door":2,"minecraft:wooden_axe":67,"minecraft:stone_bricks":6,"iceandfire:copper_pickaxe":112,"alexscaves:spelunkery_table":1,"minecraft:furnace":3,"tombstone:gift":1,"minecraft:cooked_beef":1,"minecraft:water_bucket":7,"minecraft:mossy_stone_bricks":3,"minecraft:cow_spawn_egg":9,"minecraft:stone_pickaxe":1034,"minecraft:wooden_pickaxe":61,"minecraft:cracked_stone_bricks":6,"minecraft:crafting_table":13,"alexscaves:cave_book":2,"duneons:snowcobblestone":1,"minecraft:shears":11,"minecraft:birch_fence":2,"minecraft:apple":6,"minecraft:birch_fence_gate":2,"minecraft:birch_slab":3,"minecraft:stone_axe":68,"minecraft:cobblestone":237,"minecraft:andesite":6,"minecraft:bucket":6,"toughasnails:purified_water_canteen":5,"minecraft:smooth_stone_slab":5},"minecraft:custom":{"minecraft:mob_kills":11,"minecraft:animals_bred":8,"minecraft:interact_with_crafting_table":40,"minecraft:open_barrel":1,"goblintraders:trade_with_goblin":46,"minecraft:damage_dealt_resisted":0,"minecraft:leave_game":3,"minecraft:time_since_death":8428,"minecraft:climb_one_cm":33561,"minecraft:sprint_one_cm":244201,"minecraft:walk_one_cm":527776,"minecraft:drop":8,"minecraft:talked_to_villager":3,"minecraft:play_time":247503,"minecraft:deaths":1,"minecraft:sneak_time":1012,"minecraft:walk_under_water_one_cm":3721,"minecraft:jump":1222,"minecraft:walk_on_water_one_cm":11227,"minecraft:total_world_time":247503,"minecraft:interact_with_furnace":72,"minecraft:traded_with_villager":6,"minecraft:interact_with_loom":7,"minecraft:time_since_rest":7978,"minecraft:damage_taken":1632,"minecraft:damage_dealt":2060,"minecraft:swim_one_cm":5976,"minecraft:fly_one_cm":109343,"minecraft:open_chest":170,"minecraft:crouch_one_cm":3507,"tombstone:undead_killed":2,"minecraft:fall_one_cm":22426},"minecraft:mined":{"alexscaves:spelunkery_table":1,"iceandfire:silver_ore":10,"ancient_elements:lead_ore":17,"minecraft:candle":1,"tetra:block_geode":2,"solarcraft:crystal":1,"duneons:sand":1,"minecraft:grass_block":3,"iceandfire:lectern":1,"occultism:silver_ore_deepslate":2,"minecraft:sandstone":5,"mysticalagriculture:inferium_ore":17,"epicpaladins:deepslate_arclight_ore":9,"forbidden_arcanus:arcane_crystal_ore":3,"minecraft:magma_block":7,"forbidden_arcanus:deepslate_arcane_crystal_ore":4,"minecraft:furnace":1,"minecraft:iron_ore":25,"minecraft:fire":2,"minecraft:barrel":1,"arsmagicalegacy:vinteum_ore":1,"minecraft:andesite":21,"minecraft:pumpkin":1,"evilcraft:dark_ore":2,"minecraft:deepslate_lapis_ore":13,"chococraft:gysahl_green":5,"arsmagicalegacy:deepslate_vinteum_ore":6,"iceandfire:podium_oak":1,"minecraft:deepslate_iron_ore":8,"regions_unexplored:medium_grass":1,"minecraft:stone":594,"minecraft:deepslate_redstone_ore":5,"minecraft:blackstone":9,"minecraft:crafting_table":10,"minecraft:torch":4,"duneons:snowstone":2,"minecraft:chest":8,"minecraft:copper_ore":83,"minecraft:cobblestone":31,"biomeswevegone:apple_fruit":11,"arsmagicalegacy:deepslate_chimerite_ore":12,"minecraft:lapis_ore":7,"minecraft:oak_planks":4,"minecraft:wall_torch":13,"minecraft:deepslate_copper_ore":11,"minecraft:air":13,"forbidden_arcanus:xpetrified_ore":4,"minecraft:birch_log":64,"eidolon:deep_lead_ore":4,"minecraft:smooth_stone_slab":11,"ars_magica_classic:vinteum_ore":20,"minecraft:grass":3,"minecraft:coal_ore":148,"minecraft:gravel":1,"minecraft:sand":137,"minecraft:dirt":8,"minecraft:cobweb":19,"minecraft:cracked_stone_bricks":7,"mysticalagriculture:deepslate_prosperity_ore":5,"minecraft:smooth_basalt":7,"minecraft:stone_bricks":15,"minecraft:mossy_stone_bricks":12,"minecraft:oak_leaves":11,"mysticalagriculture:deepslate_inferium_ore":3,"minecraft:deepslate":2},"minecraft:broken":{"minecraft:wooden_pickaxe":1,"minecraft:stone_pickaxe":7,"minecraft:wooden_axe":1},"minecraft:killed_by":{"grimoireofgaia:mimic":1},"minecraft:killed":{"grimoireofgaia:mimic":1,"minecraft:zombie":2,"minecraft:cow":8},"minecraft:picked_up":{"minecraft:crafting_table":10,"chococraft:loverly_gysahl_green":1,"arsmagicalegacy:vinteum_dust":7,"alexscaves:cave_tablet":2,"occultism:raw_silver":2,"forbidden_arcanus:xpetrified_orb":4,"minecraft:string":17,"iceandfire:podium_oak":1,"minecraft:raw_copper":320,"minecraft:smooth_stone_slab":11,"minecraft:blackstone":8,"minecraft:cracked_stone_bricks":7,"mysticalagriculture:inferium_essence":62,"minecraft:candle":4,"minecraft:cobbled_deepslate":2,"minecraft:beef":19,"minecraft:iron_nugget":1,"minecraft:chest":3,"minecraft:birch_sapling":5,"minecraft:furnace":1,"minecraft:stick":2,"minecraft:raw_iron":33,"minecraft:sandstone":5,"apotheosis:gem":1,"epicpaladins:arclight_gem":9,"minecraft:torch":19,"mysticalagriculture:prosperity_shard":13,"minecraft:redstone":22,"hexerei:sage_seed":5,"minecraft:rotten_flesh":4,"alexscaves:spelunkery_table":1,"gamma_beasts:coal_nugget":41,"arsmagicalegacy:chimerite":12,"minecraft:cobblestone":573,"minecraft:birch_log":76,"minecraft:magma_block":6,"minecraft:mud_bricks":1,"ars_magica_classic:vinteum_ore":20,"minecraft:andesite":17,"minecraft:leather":9,"duneons:snowcobblestone":1,"ancient_elements:raw_lead":17,"alexscaves:cave_book":1,"minecraft:lapis_lazuli":132,"minecraft:paper":1,"minecraft:dirt":1,"chococraft:gysahl_green":12,"minecraft:apple":9,"minecraft:stone_bricks":15,"minecraft:wheat_seeds":2,"minecraft:mossy_stone_bricks":11,"minecraft:oak_planks":4,"hexerei:animal_fat":3,"toughasnails:purified_water_canteen":1,"minecraft:smooth_basalt":7,"minecraft:pumpkin":1,"minecraft:gravel":1,"minecraft:sand":134,"chococraft:gysahl_green_seeds":4,"minecraft:barrel":1,"hexerei:witch_hazel_altar":1,"forbidden_arcanus:arcane_crystal":7,"eidolon:raw_lead":4,"tetra:geode":2,"iceandfire:lectern":1,"evilcraft:dark_gem":4,"minecraft:coal":155,"minecraft:oak_leaves":11,"iceandfire:raw_silver":10}},"DataVersion":3465}