{"stats":{"minecraft:used":{"minecraft:mossy_stone_bricks":3,"minecraft:stone_sword":18,"minecraft:stone_shovel":116,"minecraft:stone_pickaxe":580,"minecraft:ladder":7,"minecraft:chest":9,"minecraft:wooden_pickaxe":61,"minecraft:cracked_stone_bricks":6,"minecraft:torch":67,"minecraft:crafting_table":10,"minecraft:birch_door":2,"minecraft:wooden_axe":67,"minecraft:birch_slab":3,"minecraft:stone_bricks":6,"iceandfire:copper_pickaxe":37,"minecraft:stone_axe":15,"minecraft:cobblestone":104,"minecraft:furnace":3,"minecraft:smooth_stone_slab":5},"minecraft:picked_up":{"minecraft:birch_log":62,"minecraft:crafting_table":8,"ars_magica_classic:vinteum_ore":20,"ancient_elements:raw_lead":8,"minecraft:lapis_lazuli":31,"minecraft:dirt":1,"minecraft:string":16,"minecraft:raw_copper":142,"minecraft:smooth_stone_slab":5,"minecraft:apple":8,"minecraft:stone_bricks":6,"minecraft:cracked_stone_bricks":6,"minecraft:wheat_seeds":2,"mysticalagriculture:inferium_essence":33,"minecraft:mossy_stone_bricks":3,"minecraft:chest":2,"minecraft:birch_sapling":5,"minecraft:furnace":1,"minecraft:raw_iron":17,"minecraft:sandstone":5,"minecraft:torch":6,"minecraft:gravel":1,"minecraft:sand":134,"hexerei:sage_seed":3,"evilcraft:dark_gem":4,"gamma_beasts:coal_nugget":12,"minecraft:coal":59,"iceandfire:raw_silver":2,"minecraft:cobblestone":397},"minecraft:dropped":{"minecraft:birch_planks":64,"minecraft:iron_nugget":1,"minecraft:cobblestone":5},"minecraft:broken":{"minecraft:stone_pickaxe":3,"minecraft:wooden_axe":1,"minecraft:wooden_pickaxe":1},"minecraft:mined":{"iceandfire:silver_ore":2,"ancient_elements:lead_ore":8,"solarcraft:crystal":1,"duneons:sand":1,"minecraft:crafting_table":8,"minecraft:torch":2,"minecraft:grass_block":3,"minecraft:chest":4,"minecraft:copper_ore":40,"minecraft:cobblestone":25,"biomeswevegone:apple_fruit":9,"minecraft:lapis_ore":5,"minecraft:sandstone":5,"mysticalagriculture:inferium_ore":11,"minecraft:wall_torch":4,"minecraft:air":11,"minecraft:furnace":1,"minecraft:birch_log":53,"minecraft:iron_ore":17,"minecraft:andesite":3,"evilcraft:dark_ore":2,"ars_magica_classic:vinteum_ore":20,"minecraft:smooth_stone_slab":5,"minecraft:grass":2,"minecraft:coal_ore":51,"minecraft:sand":137,"minecraft:gravel":1,"minecraft:dirt":8,"minecraft:cobweb":18,"regions_unexplored:medium_grass":1,"minecraft:cracked_stone_bricks":6,"minecraft:stone":415,"minecraft:stone_bricks":6,"minecraft:mossy_stone_bricks":4},"minecraft:crafted":{"minecraft:stone_shovel":1,"iceandfire:silver_ingot":2,"minecraft:crafting_table":3,"minecraft:wooden_pickaxe":1,"minecraft:iron_sword":1,"minecraft:birch_slab":6,"minecraft:furnace":2,"minecraft:copper_ingot":48,"minecraft:birch_planks":248,"minecraft:stone_axe":1,"minecraft:air":0,"ancient_elements:lead_ingot":8,"minecraft:iron_axe":1,"minecraft:ladder":9,"minecraft:stick":68,"minecraft:iron_ingot":17,"minecraft:stone_pickaxe":6,"minecraft:wooden_axe":1,"minecraft:stone_sword":1,"minecraft:chest":7,"minecraft:gold_ingot":4,"minecraft:birch_door":3,"iceandfire:copper_pickaxe":1,"minecraft:torch":84,"minecraft:shears":1},"minecraft:custom":{"minecraft:interact_with_furnace":27,"minecraft:interact_with_crafting_table":26,"minecraft:interact_with_loom":1,"minecraft:leave_game":1,"minecraft:time_since_death":105625,"minecraft:climb_one_cm":12539,"minecraft:time_since_rest":105625,"minecraft:sprint_one_cm":117032,"minecraft:damage_taken":740,"minecraft:walk_one_cm":217701,"minecraft:drop":4,"minecraft:swim_one_cm":4572,"minecraft:fly_one_cm":56648,"minecraft:open_chest":68,"minecraft:crouch_one_cm":1097,"minecraft:play_time":105625,"minecraft:sneak_time":475,"minecraft:walk_under_water_one_cm":1853,"minecraft:jump":668,"minecraft:walk_on_water_one_cm":1956,"minecraft:total_world_time":105625,"minecraft:fall_one_cm":12780}},"DataVersion":3465}