{"stats":{"minecraft:used":{"iceandfire:lectern":1,"farmersdelight:cabbage_seeds":15,"minecraft:ladder":7,"minecraft:chest":10,"epicpaladins:arclight_sword":249,"iceandfire:copper_pickaxe":153,"minecraft:stone_bricks":7,"minecraft:furnace":3,"ars_nouveau:sourceberry_bush":3,"minecraft:mossy_stone_bricks":3,"minecraft:cow_spawn_egg":9,"minecraft:stone_pickaxe":1083,"minecraft:wooden_pickaxe":61,"alexscaves:cave_book":2,"minecraft:shears":11,"minecraft:birch_fence":2,"minecraft:birch_fence_gate":2,"minecraft:birch_slab":3,"minecraft:andesite":6,"minecraft:smooth_stone_slab":5,"ironchest:wood_to_iron_chest_upgrade":3,"iceandfire:podium_oak":1,"minecraft:stone_sword":66,"toughasnails:water_purifier":1,"minecraft:stone_shovel":116,"minecraft:torch":139,"scalinghealth:heart_crystal":2,"toughasnails:empty_canteen":1,"minecraft:birch_door":2,"minecraft:wooden_axe":67,"alexscaves:spelunkery_table":1,"tombstone:gift":2,"minecraft:cooked_beef":10,"minecraft:water_bucket":21,"minecraft:cracked_stone_bricks":6,"farmersdelight:onion":21,"minecraft:crafting_table":16,"duneons:snowcobblestone":1,"epicpaladins:arclight_pickaxe":447,"minecraft:apple":6,"minecraft:stone_axe":107,"minecraft:cobblestone":260,"toughasnails:purified_water_canteen":18,"minecraft:bucket":20},"minecraft:killed_by":{"grimoireofgaia:mimic":1,"minecraft:player":1,"grimoireofgaia:flesh_lich":1},"minecraft:custom":{"minecraft:animals_bred":12,"minecraft:interact_with_crafting_table":61,"minecraft:open_barrel":1,"goblintraders:trade_with_goblin":46,"minecraft:leave_game":8,"minecraft:time_since_death":74907,"minecraft:sprint_one_cm":388038,"minecraft:drop":29,"minecraft:talked_to_villager":3,"minecraft:play_time":348003,"minecraft:deaths":3,"minecraft:jump":2172,"minecraft:walk_on_water_one_cm":42779,"minecraft:interact_with_furnace":96,"minecraft:traded_with_villager":6,"minecraft:interact_with_loom":7,"minecraft:damage_dealt":9479,"minecraft:crouch_one_cm":5641,"tombstone:undead_killed":11,"minecraft:mob_kills":29,"minecraft:damage_dealt_resisted":0,"minecraft:climb_one_cm":43175,"minecraft:walk_one_cm":926411,"minecraft:sneak_time":2961,"minecraft:walk_under_water_one_cm":9551,"minecraft:total_world_time":348003,"tombstone:raider_killed":1,"minecraft:time_since_rest":74582,"minecraft:damage_taken":4011,"minecraft:trigger_trapped_chest":1,"minecraft:swim_one_cm":10672,"minecraft:fly_one_cm":212958,"minecraft:open_chest":286,"minecraft:fall_one_cm":40125},"minecraft:dropped":{"minecraft:birch_planks":64,"iceandfire:armor_copper_metal_boots":1,"epicpaladins:arclight_sword":1,"minecraft:stone_axe":1,"minecraft:iron_nugget":1,"minecraft:cobbled_deepslate":1,"minecraft:rotten_flesh":1,"supplementaries:ash":5,"epicpaladins:arclight_pickaxe":1,"iceandfire:armor_copper_metal_leggings":1,"iceandfire:armor_copper_metal_chestplate":1,"minecraft:cobblestone":5,"minecraft:copper_ingot":10,"minecraft:acacia_log":8,"minecraft:torch":23,"toughasnails:purified_water_canteen":2,"minecraft:string":1,"iceandfire:armor_copper_metal_helmet":1},"minecraft:mined":{"minecraft:spruce_planks":7,"minecraft:spruce_trapdoor":2,"minecraft:acacia_log":14,"minecraft:grass_block":5,"iceandfire:lectern":1,"ars_nouveau:sourceberry_bush":2,"mysticalagriculture:inferium_ore":17,"epicsamurai:deepslate_jade_ore":6,"minecraft:magma_block":15,"minecraft:iron_ore":49,"minecraft:fire":2,"minecraft:barrel":1,"minecraft:pumpkin":1,"ancient_elements:tin_ore":2,"minecraft:deepslate_lapis_ore":17,"biomeswevegone:baobab_fruit":12,"arsmagicalegacy:deepslate_vinteum_ore":6,"chococraft:gysahl_green":13,"epicsamurai:deepslate_silver_ore":7,"knightsnmages:deepslate_moonlight_ore":11,"minecraft:spruce_slab":2,"minecraft:deepslate_redstone_ore":26,"minecraft:blackstone":103,"scalinghealth:deepslate_heart_crystal_ore":6,"minecraft:torch":10,"minecraft:chest":8,"farmersdelight:cabbages":15,"minecraft:cobblestone":38,"arsmagicalegacy:deepslate_chimerite_ore":16,"minecraft:oak_planks":4,"minecraft:wall_torch":16,"minecraft:deepslate_copper_ore":13,"evilcraft:dark_ore_deepslate":6,"minecraft:birch_log":64,"eidolon:deep_lead_ore":7,"epicsamurai:aquamarine_ore":11,"epicpaladins:deepslate_cryorium_ore":1,"minecraft:smooth_stone_slab":11,"minecraft:grass":9,"minecraft:sand":137,"minecraft:dirt":10,"minecraft:smooth_basalt":30,"mysticalagriculture:deepslate_prosperity_ore":27,"minecraft:oak_leaves":11,"mysticalagriculture:deepslate_inferium_ore":11,"minecraft:deepslate":57,"minecraft:infested_deepslate":1,"alexscaves:spelunkery_table":1,"minecraft:tuff":1,"eidolon:deep_silver_ore":1,"farmersdelight:onions":16,"iceandfire:silver_ore":10,"ancient_elements:lead_ore":24,"epicsamurai:deepslate_onyx_ore":2,"minecraft:deepslate_diamond_ore":4,"minecraft:candle":1,"tetra:block_geode":2,"solarcraft:crystal":1,"duneons:sand":1,"epicsamurai:deepslate_ruby_ore":5,"iceandfire:deepslate_silver_ore":1,"occultism:silver_ore_deepslate":17,"minecraft:sandstone":5,"epicpaladins:deepslate_arclight_ore":19,"forbidden_arcanus:arcane_crystal_ore":3,"minecraft:redstone_ore":7,"forbidden_arcanus:deepslate_arcane_crystal_ore":4,"minecraft:furnace":1,"arsmagicalegacy:vinteum_ore":1,"arsmagicalegacy:moonstone_ore":2,"minecraft:andesite":21,"evilcraft:dark_ore":2,"iceandfire:podium_oak":1,"minecraft:bookshelf":5,"minecraft:deepslate_iron_ore":24,"minecraft:rail":1,"regions_unexplored:medium_grass":1,"irons_spellbooks:inscription_table":1,"minecraft:stone":656,"ancient_elements:steel_ore":17,"ars_magica_classic:deepslate_vinteum_ore":5,"epicpaladins:deepslate_bloodstone_ore":3,"minecraft:crafting_table":13,"duneons:snowstone":2,"minecraft:copper_ore":83,"biomeswevegone:apple_fruit":17,"minecraft:deepslate_gold_ore":2,"minecraft:lapis_ore":7,"forbidden_arcanus:petrified_root":1,"supplementaries:urn":2,"minecraft:air":15,"gamma_beasts:deepslate_prehnite_ore":7,"arsmagicalegacy:chimerite_ore":3,"forbidden_arcanus:xpetrified_ore":6,"ars_magica_classic:vinteum_ore":26,"minecraft:coal_ore":148,"minecraft:gravel":1,"minecraft:cobweb":19,"minecraft:cracked_stone_bricks":7,"minecraft:stone_bricks":18,"minecraft:mossy_stone_bricks":13,"minecraft:gold_ore":4},"minecraft:picked_up":{"chococraft:loverly_gysahl_green":3,"irons_spellbooks:wandering_magician_leggings":1,"alexscaves:cave_tablet":2,"minecraft:enchanted_book":1,"forbidden_arcanus:xpetrified_orb":6,"minecraft:string":19,"minecraft:raw_copper":327,"iceandfire:podium_oak":1,"minecraft:smooth_stone_slab":11,"epicpaladins:bloodstone_gem":3,"mysticalagriculture:inferium_essence":87,"biomeswevegone:baobab_fruit":9,"irons_spellbooks:artificer_cane":1,"minecraft:gold_nugget":1,"minecraft:cobbled_deepslate":57,"farmersdelight:cabbage":15,"minecraft:spruce_planks":6,"farmersdelight:cabbage_seeds":40,"irons_spellbooks:inscription_table":1,"minecraft:furnace":1,"minecraft:tipped_arrow":1,"minecraft:stick":4,"apotheosis:gem":6,"farmersdelight:rotten_tomato":1,"epicpaladins:arclight_gem":19,"minecraft:acacia_log":16,"minecraft:torch":27,"mysticalagriculture:prosperity_shard":69,"tombstone:grave_dust":4,"minecraft:rotten_flesh":8,"epicpaladins:cryorium_gem":1,"farmersdelight:onion":53,"ars_magica_classic:deepslate_vinteum_ore":5,"gamma_beasts:coal_nugget":41,"ars_nouveau:sourceberry_bush":3,"supplementaries:ash":5,"minecraft:cobblestone":646,"minecraft:birch_log":76,"occultism:datura_seeds":3,"minecraft:magma_block":13,"minecraft:leather_chestplate":1,"eidolon:raw_silver":1,"ars_magica_classic:vinteum_ore":26,"minecraft:andesite":17,"gamma_beasts:prehnite":7,"duneons:snowcobblestone":1,"ancient_elements:raw_lead":24,"alexscaves:cave_book":1,"supplementaries:flax_seeds":1,"minecraft:lapis_lazuli":159,"farmersdelight:tomato":26,"minecraft:dirt":4,"minecraft:bone":1,"minecraft:wheat_seeds":8,"minecraft:raw_gold":6,"minecraft:mossy_stone_bricks":11,"minecraft:oak_planks":69,"epicsamurai:raw_silver":6,"hexerei:animal_fat":4,"toughasnails:purified_water_canteen":2,"irons_spellbooks:frozen_bone":3,"minecraft:sand":134,"minecraft:barrel":1,"hexerei:witch_hazel_altar":1,"eidolon:raw_lead":7,"minecraft:sugar":1,"minecraft:diamond":4,"iceandfire:lectern":1,"epicsamurai:ruby":4,"minecraft:oak_leaves":11,"iceandfire:raw_silver":11,"mokels_rpg_two:tinydragon_feather":1,"minecraft:crafting_table":13,"arsmagicalegacy:vinteum_dust":7,"occultism:raw_silver":18,"epicsamurai:jade":6,"minecraft:item_frame":4,"minecraft:blackstone":89,"minecraft:cracked_stone_bricks":7,"minecraft:candle":4,"minecraft:beef":26,"arsmagicalegacy:moonstone":2,"minecraft:iron_nugget":2,"minecraft:spruce_slab":1,"minecraft:chest":3,"minecraft:birch_sapling":5,"minecraft:spruce_trapdoor":2,"solarcraft:solar_lexicon":1,"minecraft:raw_iron":74,"minecraft:sandstone":5,"ancient_elements:raw_steel":17,"ancient_elements:raw_tin":2,"minecraft:redstone":136,"hexerei:sage_seed":9,"duneons:dungeonsmalltable":1,"alexscaves:spelunkery_table":1,"arsmagicalegacy:chimerite":19,"minecraft:rail":3,"minecraft:mud_bricks":1,"minecraft:leather":9,"alexsmobs:acacia_blossom":2,"minecraft:birch_planks":46,"minecraft:gunpowder":1,"scalinghealth:heart_crystal":1,"minecraft:paper":9,"chococraft:gysahl_green":31,"minecraft:apple":13,"minecraft:stone_bricks":16,"epicsamurai:aquamarine":11,"minecraft:iron_sword":1,"minecraft:acacia_sapling":3,"minecraft:book":12,"scalinghealth:heart_crystal_shard":13,"minecraft:smooth_basalt":28,"minecraft:pumpkin":1,"minecraft:gravel":1,"chococraft:gysahl_green_seeds":10,"minecraft:spider_eye":2,"forbidden_arcanus:arcane_crystal":7,"tetra:geode":2,"evilcraft:dark_gem":25,"knightsnmages:moonlight_gem":11,"minecraft:coal":155},"minecraft:killed":{"minecraft:witch":1,"minecraft:spider":2,"duneons:wraith":1,"minecraft:skeleton":3,"grimoireofgaia:mimic":2,"minecraft:silverfish":1,"grimoireofgaia:flesh_lich":1,"grimoireofgaia:bone_knight":1,"minecraft:zombie":6,"minecraft:cow":11},"minecraft:broken":{"minecraft:stone_pickaxe":8,"minecraft:wooden_axe":1,"minecraft:wooden_pickaxe":1,"toughasnails:purified_water_canteen":1},"minecraft:crafted":{"epicpaladins:arclight_sword":2,"delightful:cantaloupe_slice":16,"minecraft:birch_slab":6,"epicpaladins:arclight_pickaxe":2,"iceandfire:armor_copper_metal_boots":2,"minecraft:glass":6,"minecraft:birch_fence_gate":2,"iceandfire:armor_copper_metal_chestplate":2,"minecraft:chest":8,"minecraft:birch_door":3,"iceandfire:copper_pickaxe":1,"eidolon:silver_ingot":2,"sophisticatedbackpacks:backpack":1,"minecraft:crafting_table":4,"minecraft:wooden_pickaxe":1,"minecraft:clock":1,"minecraft:copper_ingot":351,"minecraft:birch_planks":248,"minecraft:pumpkin_seeds":4,"toughasnails:water_purifier":1,"minecraft:charcoal":14,"minecraft:birch_fence":6,"minecraft:stick":116,"minecraft:iron_ingot":86,"minecraft:iron_pickaxe":1,"minecraft:stone_sword":1,"sereneseasons:calendar":1,"minecraft:gold_ingot":16,"minecraft:shears":1,"toughasnails:empty_canteen":1,"minecraft:stone_shovel":1,"minecraft:furnace":2,"iceandfire:armor_copper_metal_leggings":2,"iceandfire:armor_copper_metal_helmet":2,"minecraft:iron_axe":1,"minecraft:ladder":9,"minecraft:stone_pickaxe":9,"sophisticatedbackpacks:iron_backpack":1,"minecraft:cooked_beef":11,"ironchest:wood_to_iron_chest_upgrade":3,"iceandfire:silver_ingot":8,"toughasnails:leaf_chestplate":1,"minecraft:iron_sword":1,"scalinghealth:heart_crystal":1,"sophisticatedbackpacks:gold_backpack":1,"minecraft:stone_axe":2,"minecraft:air":0,"ars_magica_classic:vinteum_dust":35,"ancient_elements:lead_ingot":17,"minecraft:wooden_axe":1,"minecraft:acacia_planks":32,"minecraft:torch":188}},"DataVersion":3465}