{"stats":{"minecraft:picked_up":{"regions_unexplored:hibiscus":2,"minecraft:stick":11,"minecraft:crafting_table":1,"apotheosis:gem":4,"mysticsbiomes:peach_log":46,"chococraft:gysahl_green_seeds":2,"solarcraft:energy_dust":5,"hexerei:sage_seed":1,"minecraft:item_frame":4,"chococraft:gysahl_green":10,"minecraft:wheat_seeds":1,"mysticsbiomes:saguaro_cactus":8,"minecraft:stripped_oak_wood":1,"mysticsbiomes:peach_sapling":12,"delightful:green_tea_leaf":1,"minecraft:oak_planks":1,"minecraft:book":21},"minecraft:used":{"minecraft:wooden_axe":73,"minecraft:crafting_table":1},"minecraft:dropped":{"regions_unexplored:hibiscus":2},"minecraft:mined":{"solarcraft:solar_flower":1,"mysticsbiomes:peach_leaves":7,"minecraft:stripped_oak_wood":1,"minecraft:crafting_table":1,"minecraft:grass":3,"minecraft:bookshelf":7,"chococraft:gysahl_green":4,"mysticsbiomes:peach_log":48,"mysticsbiomes:saguaro_cactus":2,"minecraft:oak_planks":2,"minecraft:fern":1},"minecraft:custom":{"minecraft:time_since_rest":25221,"minecraft:sprint_one_cm":68252,"minecraft:damage_taken":100,"minecraft:walk_one_cm":40740,"minecraft:trigger_trapped_chest":1,"minecraft:drop":1,"minecraft:interact_with_crafting_table":2,"minecraft:fly_one_cm":40735,"minecraft:crouch_one_cm":12,"minecraft:play_time":25221,"minecraft:sneak_time":140,"minecraft:jump":244,"minecraft:leave_game":1,"minecraft:time_since_death":25221,"minecraft:walk_on_water_one_cm":192,"minecraft:total_world_time":25221,"minecraft:climb_one_cm":3137,"minecraft:fall_one_cm":3373},"minecraft:broken":{"minecraft:wooden_axe":1},"minecraft:crafted":{"minecraft:oak_planks":4,"mysticsbiomes:peach_planks":24,"minecraft:crafting_table":1,"minecraft:stick":4,"minecraft:wooden_axe":1}},"DataVersion":3465}