{"stats":{"minecraft:used":{"minecraft:wooden_axe":64,"minecraft:mossy_stone_bricks":1,"minecraft:stone_sword":4,"minecraft:stone_pickaxe":392,"minecraft:chest":2,"minecraft:wooden_pickaxe":61,"iceandfire:copper_pickaxe":16,"minecraft:torch":25,"minecraft:cobblestone":20,"minecraft:crafting_table":6,"minecraft:furnace":2},"minecraft:picked_up":{"minecraft:birch_log":51,"minecraft:crafting_table":4,"minecraft:torch":3,"minecraft:gravel":1,"ancient_elements:raw_lead":4,"minecraft:string":3,"minecraft:lapis_lazuli":31,"minecraft:raw_copper":18,"minecraft:smooth_stone_slab":1,"hexerei:sage_seed":1,"mysticalagriculture:inferium_essence":23,"minecraft:mossy_stone_bricks":1,"gamma_beasts:coal_nugget":8,"minecraft:chest":2,"minecraft:birch_sapling":5,"minecraft:coal":50,"minecraft:furnace":1,"minecraft:cobblestone":346},"minecraft:dropped":{"minecraft:birch_planks":64,"minecraft:iron_nugget":1},"minecraft:broken":{"minecraft:stone_pickaxe":2,"minecraft:wooden_pickaxe":1},"minecraft:mined":{"minecraft:furnace":1,"ancient_elements:lead_ore":4,"minecraft:birch_log":45,"minecraft:smooth_stone_slab":1,"minecraft:crafting_table":4,"minecraft:grass":1,"minecraft:grass_block":2,"minecraft:coal_ore":42,"minecraft:chest":2,"minecraft:dirt":8,"minecraft:gravel":1,"minecraft:cobweb":4,"minecraft:cobblestone":9,"minecraft:copper_ore":4,"regions_unexplored:medium_grass":1,"minecraft:lapis_ore":5,"minecraft:stone":376,"minecraft:mossy_stone_bricks":1,"minecraft:wall_torch":3,"mysticalagriculture:inferium_ore":8,"minecraft:air":9},"minecraft:crafted":{"minecraft:iron_axe":1,"minecraft:crafting_table":2,"minecraft:stick":24,"minecraft:wooden_pickaxe":1,"minecraft:stone_sword":1,"minecraft:stone_pickaxe":3,"minecraft:wooden_axe":1,"minecraft:iron_sword":1,"minecraft:furnace":1,"minecraft:copper_ingot":18,"iceandfire:copper_pickaxe":1,"minecraft:birch_planks":204,"minecraft:torch":32,"minecraft:air":0},"minecraft:custom":{"minecraft:time_since_rest":45625,"minecraft:interact_with_furnace":4,"minecraft:sprint_one_cm":78978,"minecraft:damage_taken":690,"minecraft:walk_one_cm":83133,"minecraft:drop":2,"minecraft:swim_one_cm":4572,"minecraft:interact_with_crafting_table":14,"minecraft:fly_one_cm":37749,"minecraft:open_chest":29,"minecraft:crouch_one_cm":148,"minecraft:play_time":45625,"minecraft:sneak_time":83,"minecraft:walk_under_water_one_cm":1853,"minecraft:jump":436,"minecraft:leave_game":1,"minecraft:time_since_death":45625,"minecraft:walk_on_water_one_cm":1956,"minecraft:climb_one_cm":244,"minecraft:total_world_time":45625,"minecraft:fall_one_cm":8352}},"DataVersion":3465}