{"stats":{"minecraft:used":{"iceandfire:dread_queen_sword":14},"minecraft:killed":{"eidolon:wraith":1,"duneons:mountaineer":1},"minecraft:custom":{"minecraft:jump":29,"minecraft:open_chest":2,"minecraft:time_since_rest":4085,"tombstone:undead_killed":1,"minecraft:sprint_one_cm":2742,"minecraft:crouch_one_cm":22,"minecraft:damage_dealt":3282,"minecraft:walk_on_water_one_cm":398,"minecraft:damage_taken":500,"minecraft:leave_game":2,"minecraft:play_time":6416,"minecraft:time_since_death":4601,"minecraft:walk_one_cm":28109,"minecraft:deaths":1,"minecraft:sneak_time":89,"minecraft:climb_one_cm":506,"minecraft:total_world_time":6416,"minecraft:walk_under_water_one_cm":239,"minecraft:mob_kills":2,"minecraft:fly_one_cm":58903,"minecraft:fall_one_cm":5254}},"DataVersion":3465}