{"stats":{"minecraft:crafted":{"minecraft:birch_planks":204,"minecraft:crafting_table":2,"minecraft:stick":8,"minecraft:wooden_pickaxe":1,"minecraft:stone_pickaxe":1,"minecraft:wooden_axe":1},"minecraft:used":{"minecraft:wooden_axe":62,"minecraft:crafting_table":3,"minecraft:stone_pickaxe":29,"minecraft:chest":1,"minecraft:wooden_pickaxe":28},"minecraft:picked_up":{"minecraft:birch_log":51,"minecraft:crafting_table":2,"minecraft:gravel":1,"minecraft:chest":2,"minecraft:birch_sapling":5,"minecraft:cobblestone":56},"minecraft:mined":{"minecraft:air":9,"minecraft:chest":2,"minecraft:gravel":1,"minecraft:birch_log":45,"regions_unexplored:medium_grass":1,"minecraft:cobblestone":8,"minecraft:stone":46,"minecraft:crafting_table":2},"minecraft:custom":{"minecraft:time_since_rest":15854,"minecraft:play_time":15854,"minecraft:sprint_one_cm":43654,"minecraft:damage_taken":610,"minecraft:walk_one_cm":26072,"minecraft:sneak_time":20,"minecraft:walk_under_water_one_cm":570,"minecraft:drop":1,"minecraft:jump":160,"minecraft:walk_on_water_one_cm":1222,"minecraft:time_since_death":15854,"minecraft:total_world_time":15854,"minecraft:swim_one_cm":4572,"minecraft:open_chest":4,"minecraft:fall_one_cm":4655,"minecraft:interact_with_crafting_table":3,"minecraft:fly_one_cm":24606},"minecraft:dropped":{"minecraft:birch_planks":64}},"DataVersion":3465}