{"stats":{"minecraft:picked_up":{"regions_unexplored:hibiscus":2,"minecraft:crafting_table":2,"arsmagicalegacy:vinteum_dust":4,"biomesoplenty:dried_salt":30,"gamma_beasts:prehnite":7,"mysticsbiomes:peach_log":46,"minecraft:oak_log":20,"ars_magica_classic:desert_nova":7,"solarcraft:energy_dust":5,"ars_magica_classic:blue_orchid":1,"minecraft:item_frame":4,"chococraft:gysahl_green":10,"minecraft:apple":1,"minecraft:wheat_seeds":2,"mysticalagriculture:inferium_essence":15,"mysticsbiomes:saguaro_cactus":8,"delightful:acorn":1,"minecraft:stripped_oak_wood":1,"arsmagicalegacy:moonstone":2,"delightful:green_tea_leaf":1,"minecraft:oak_planks":1,"minecraft:book":21,"minecraft:stick":21,"apotheosis:gem":4,"minecraft:sand":3,"ancient_elements:raw_tin":11,"chococraft:gysahl_green_seeds":2,"hexerei:sage_seed":1,"minecraft:oak_wood":21,"evilcraft:dark_gem":8,"gamma_beasts:coal_nugget":9,"mysticsbiomes:peach_sapling":12,"minecraft:oak_sapling":11,"minecraft:coal":24,"iceandfire:raw_silver":4,"minecraft:cobblestone":53},"minecraft:used":{"minecraft:stone_pickaxe":57,"minecraft:crafting_table":2,"minecraft:wooden_axe":73,"minecraft:iron_pickaxe":96,"minecraft:stone_axe":48},"minecraft:dropped":{"biomesoplenty:dried_salt":4,"regions_unexplored:hibiscus":2},"minecraft:custom":{"minecraft:interact_with_crafting_table":7,"minecraft:leave_game":1,"minecraft:time_since_death":38749,"minecraft:climb_one_cm":3137,"minecraft:time_since_rest":38749,"minecraft:sprint_one_cm":108416,"minecraft:damage_taken":140,"minecraft:walk_one_cm":78477,"minecraft:trigger_trapped_chest":1,"minecraft:drop":2,"minecraft:swim_one_cm":1355,"minecraft:fly_one_cm":80560,"minecraft:crouch_one_cm":56,"minecraft:play_time":38749,"minecraft:sneak_time":181,"minecraft:walk_under_water_one_cm":104,"minecraft:jump":461,"minecraft:walk_on_water_one_cm":1592,"minecraft:total_world_time":38749,"minecraft:fall_one_cm":7513},"minecraft:mined":{"iceandfire:silver_ore":4,"ars_magica_classic:desert_nova":8,"mysticsbiomes:peach_leaves":7,"ars_magica_classic:blue_orchid":1,"minecraft:crafting_table":2,"minecraft:oak_wood":21,"biomesoplenty:dried_salt":28,"minecraft:oak_planks":2,"mysticalagriculture:inferium_ore":8,"minecraft:air":1,"solarcraft:solar_flower":1,"gamma_beasts:prehnite_ore":7,"arsmagicalegacy:vinteum_ore":6,"arsmagicalegacy:moonstone_ore":3,"minecraft:stripped_oak_wood":1,"ancient_elements:tin_ore":11,"evilcraft:dark_ore":2,"minecraft:oak_log":21,"minecraft:bookshelf":7,"minecraft:grass":4,"chococraft:gysahl_green":4,"minecraft:coal_ore":27,"minecraft:sand":3,"mysticsbiomes:peach_log":48,"mysticsbiomes:saguaro_cactus":2,"minecraft:stone":54,"minecraft:fern":1},"minecraft:broken":{"minecraft:wooden_axe":1},"minecraft:crafted":{"minecraft:oak_planks":4,"mysticsbiomes:peach_planks":24,"minecraft:crafting_table":2,"minecraft:stone_axe":1,"minecraft:stick":4,"minecraft:iron_pickaxe":1,"minecraft:stone_pickaxe":1,"minecraft:wooden_axe":1,"minecraft:torch":16}},"DataVersion":3465}