{"stats":{"minecraft:used":{"ironchest:wood_to_iron_chest_upgrade":2,"minecraft:mossy_stone_bricks":3,"minecraft:stone_sword":18,"minecraft:stone_shovel":116,"minecraft:stone_pickaxe":681,"minecraft:ladder":7,"minecraft:chest":9,"minecraft:wooden_pickaxe":61,"minecraft:cracked_stone_bricks":6,"minecraft:torch":83,"minecraft:crafting_table":10,"minecraft:birch_door":2,"minecraft:wooden_axe":67,"minecraft:birch_slab":3,"minecraft:stone_bricks":6,"iceandfire:copper_pickaxe":37,"minecraft:stone_axe":15,"minecraft:cobblestone":171,"minecraft:furnace":3,"minecraft:smooth_stone_slab":5},"minecraft:picked_up":{"minecraft:birch_log":62,"minecraft:crafting_table":8,"arsmagicalegacy:vinteum_dust":1,"ars_magica_classic:vinteum_ore":20,"minecraft:andesite":11,"ancient_elements:raw_lead":17,"minecraft:lapis_lazuli":31,"minecraft:dirt":1,"minecraft:string":16,"minecraft:raw_copper":244,"minecraft:smooth_stone_slab":5,"minecraft:apple":8,"minecraft:stone_bricks":6,"minecraft:cracked_stone_bricks":6,"minecraft:wheat_seeds":2,"mysticalagriculture:inferium_essence":49,"minecraft:mossy_stone_bricks":3,"minecraft:chest":2,"minecraft:birch_sapling":5,"minecraft:furnace":1,"minecraft:raw_iron":17,"minecraft:sandstone":5,"minecraft:torch":7,"minecraft:gravel":1,"minecraft:sand":134,"hexerei:sage_seed":4,"evilcraft:dark_gem":4,"gamma_beasts:coal_nugget":18,"minecraft:coal":81,"iceandfire:raw_silver":8,"minecraft:cobblestone":410},"minecraft:dropped":{"minecraft:birch_planks":64,"minecraft:iron_nugget":1,"minecraft:cobblestone":5},"minecraft:broken":{"minecraft:stone_pickaxe":4,"minecraft:wooden_axe":1,"minecraft:wooden_pickaxe":1},"minecraft:mined":{"iceandfire:silver_ore":8,"ancient_elements:lead_ore":17,"solarcraft:crystal":1,"duneons:sand":1,"minecraft:crafting_table":8,"minecraft:torch":2,"minecraft:grass_block":3,"minecraft:chest":4,"minecraft:copper_ore":70,"minecraft:cobblestone":28,"biomeswevegone:apple_fruit":9,"minecraft:lapis_ore":5,"minecraft:sandstone":5,"mysticalagriculture:inferium_ore":17,"minecraft:wall_torch":5,"minecraft:air":11,"minecraft:furnace":1,"minecraft:birch_log":53,"minecraft:iron_ore":17,"arsmagicalegacy:vinteum_ore":1,"minecraft:andesite":14,"evilcraft:dark_ore":2,"ars_magica_classic:vinteum_ore":20,"minecraft:smooth_stone_slab":5,"minecraft:grass":3,"minecraft:coal_ore":74,"minecraft:sand":137,"minecraft:gravel":1,"minecraft:dirt":8,"minecraft:cobweb":18,"regions_unexplored:medium_grass":1,"minecraft:cracked_stone_bricks":6,"minecraft:stone":426,"minecraft:stone_bricks":6,"minecraft:mossy_stone_bricks":4},"minecraft:crafted":{"ironchest:wood_to_iron_chest_upgrade":2,"minecraft:stone_shovel":1,"iceandfire:silver_ingot":2,"minecraft:crafting_table":3,"minecraft:wooden_pickaxe":1,"minecraft:iron_sword":1,"minecraft:birch_slab":6,"minecraft:furnace":2,"iceandfire:armor_copper_metal_leggings":1,"minecraft:copper_ingot":229,"minecraft:birch_planks":248,"minecraft:stone_axe":1,"iceandfire:armor_copper_metal_boots":1,"minecraft:air":0,"iceandfire:armor_copper_metal_helmet":1,"ars_magica_classic:vinteum_dust":20,"ancient_elements:lead_ingot":8,"minecraft:iron_axe":1,"minecraft:ladder":9,"minecraft:stick":68,"iceandfire:armor_copper_metal_chestplate":1,"minecraft:iron_ingot":17,"minecraft:stone_pickaxe":6,"minecraft:wooden_axe":1,"minecraft:stone_sword":1,"minecraft:chest":7,"minecraft:gold_ingot":4,"minecraft:birch_door":3,"iceandfire:copper_pickaxe":1,"minecraft:torch":84,"minecraft:shears":1},"minecraft:custom":{"minecraft:interact_with_furnace":48,"minecraft:interact_with_crafting_table":29,"minecraft:interact_with_loom":1,"minecraft:leave_game":1,"minecraft:time_since_death":141625,"minecraft:climb_one_cm":20095,"minecraft:time_since_rest":141625,"minecraft:sprint_one_cm":135347,"minecraft:damage_taken":770,"minecraft:walk_one_cm":288649,"minecraft:drop":4,"minecraft:swim_one_cm":4572,"minecraft:fly_one_cm":61127,"minecraft:open_chest":90,"minecraft:crouch_one_cm":1097,"minecraft:play_time":141625,"minecraft:sneak_time":477,"minecraft:walk_under_water_one_cm":1853,"minecraft:jump":767,"minecraft:walk_on_water_one_cm":1956,"minecraft:total_world_time":141625,"minecraft:fall_one_cm":14766}},"DataVersion":3465}