{"stats":{"minecraft:used":{"minecraft:mossy_stone_bricks":3,"minecraft:stone_sword":18,"minecraft:stone_pickaxe":436,"minecraft:ladder":7,"minecraft:chest":4,"minecraft:wooden_pickaxe":61,"minecraft:torch":43,"minecraft:crafting_table":9,"minecraft:birch_door":2,"minecraft:wooden_axe":67,"minecraft:birch_slab":3,"minecraft:stone_bricks":6,"iceandfire:copper_pickaxe":16,"minecraft:stone_axe":3,"minecraft:cobblestone":31,"minecraft:furnace":2,"minecraft:smooth_stone_slab":1},"minecraft:picked_up":{"minecraft:birch_log":51,"minecraft:crafting_table":7,"ancient_elements:raw_lead":4,"minecraft:lapis_lazuli":31,"minecraft:string":16,"minecraft:raw_copper":22,"minecraft:smooth_stone_slab":3,"minecraft:stone_bricks":6,"minecraft:cracked_stone_bricks":1,"mysticalagriculture:inferium_essence":23,"minecraft:mossy_stone_bricks":3,"minecraft:chest":2,"minecraft:birch_sapling":5,"minecraft:furnace":1,"minecraft:raw_iron":2,"minecraft:torch":4,"minecraft:gravel":1,"hexerei:sage_seed":1,"gamma_beasts:coal_nugget":8,"minecraft:coal":50,"minecraft:cobblestone":375},"minecraft:dropped":{"minecraft:birch_planks":64,"minecraft:iron_nugget":1},"minecraft:broken":{"minecraft:stone_pickaxe":3,"minecraft:wooden_axe":1,"minecraft:wooden_pickaxe":1},"minecraft:mined":{"ancient_elements:lead_ore":4,"minecraft:crafting_table":7,"minecraft:grass_block":2,"minecraft:chest":4,"minecraft:copper_ore":5,"minecraft:cobblestone":9,"minecraft:lapis_ore":5,"mysticalagriculture:inferium_ore":8,"minecraft:wall_torch":4,"minecraft:air":9,"minecraft:furnace":1,"minecraft:birch_log":45,"minecraft:iron_ore":2,"minecraft:smooth_stone_slab":3,"minecraft:grass":1,"minecraft:coal_ore":42,"minecraft:gravel":1,"minecraft:dirt":8,"minecraft:cobweb":18,"regions_unexplored:medium_grass":1,"minecraft:cracked_stone_bricks":1,"minecraft:stone":405,"minecraft:stone_bricks":6,"minecraft:mossy_stone_bricks":4},"minecraft:crafted":{"minecraft:crafting_table":3,"minecraft:wooden_pickaxe":1,"minecraft:iron_sword":1,"minecraft:birch_slab":6,"minecraft:furnace":1,"minecraft:copper_ingot":18,"minecraft:birch_planks":204,"minecraft:stone_axe":1,"minecraft:air":0,"minecraft:iron_axe":1,"minecraft:ladder":9,"minecraft:stick":56,"minecraft:stone_pickaxe":6,"minecraft:wooden_axe":1,"minecraft:stone_sword":1,"minecraft:chest":2,"minecraft:birch_door":3,"iceandfire:copper_pickaxe":1,"minecraft:torch":48},"minecraft:custom":{"minecraft:interact_with_furnace":4,"minecraft:interact_with_crafting_table":22,"minecraft:interact_with_loom":1,"minecraft:leave_game":1,"minecraft:time_since_death":57625,"minecraft:climb_one_cm":6221,"minecraft:time_since_rest":57625,"minecraft:sprint_one_cm":84822,"minecraft:damage_taken":740,"minecraft:walk_one_cm":121745,"minecraft:drop":2,"minecraft:swim_one_cm":4572,"minecraft:fly_one_cm":40144,"minecraft:open_chest":32,"minecraft:crouch_one_cm":1097,"minecraft:play_time":57625,"minecraft:sneak_time":457,"minecraft:walk_under_water_one_cm":1853,"minecraft:jump":476,"minecraft:walk_on_water_one_cm":1956,"minecraft:total_world_time":57625,"minecraft:fall_one_cm":9983}},"DataVersion":3465}